,contractility
cell_0,0.02246684306379734
cell_1,0.036602912560101473
cell_2,0.1648594228616416
cell_3,0.20233441348608192
cell_4,0.14999123370941453
cell_5,0.041970688402273346
cell_6,0.023145161166604634
cell_7,0.055901659728551656
cell_8,0.02705015895607212
cell_9,0.024175663651857828
cell_10,0.028649251885878697
cell_11,0.02705015895607212
cell_12,0.11944208164200208
cell_13,0.02771526698702324
cell_14,0.20233441348608192
cell_15,0.23672603041858922
cell_16,0.023145161166604634
cell_17,0.023491805875491267
cell_18,0.023491805875491267
cell_19,0.02771526698702324
cell_20,0.02771526698702324
cell_21,0.0166593693822715
cell_22,0.025295422429781146
cell_23,0.032566231213869055
cell_24,0.02771526698702324
cell_25,0.008808453041688416
cell_26,0.025295422429781146
cell_27,0.025295422429781146
cell_28,0.022719746398444766
cell_29,0.024133421915185947
cell_30,0.03378764345301274
cell_31,0.03931514213619045
cell_32,0.025386949956760038
cell_33,0.0023394623196735255
cell_34,0.025358531055490036
cell_35,0.05115230748168753
cell_36,0.03991585483182731
cell_37,0.022719746398444766
cell_38,0.05526030351070312
cell_39,0.05458827488661115
cell_40,0.03307294963076488
cell_41,0.048280074737907734
cell_42,0.03307294963076488
cell_43,0.052088138566651426
cell_44,0.022719746398444766
cell_45,0.03685377740780204
cell_46,0.0273335308527774
cell_47,0.0023394623196735255
cell_48,0.05115230748168753
cell_49,0.05457776989072704
cell_50,0.057897543810341866
cell_51,0.04071231125029667
cell_52,0.02794472108786073
cell_53,0.0023394623196735255
cell_54,0.02550163813560355
cell_55,0.04824568772719387
cell_56,0.036244419947411496
cell_57,0.02483027317402916
cell_58,0.031186357127570546
cell_59,0.04824568772719387
cell_60,0.0442398307523575
cell_61,0.030336529728008366
cell_62,0.02483027317402916
cell_63,0.00578435987675494
cell_64,0.0442398307523575
cell_65,0.036244419947411496
cell_66,0.057897543810341866
cell_67,0.01833437934169421
cell_68,0.011294438611919387
cell_69,0.04101979614109204
cell_70,0.05376699545972135
cell_71,0.031186357127570546
cell_72,0.01924172026984709
cell_73,0.058498396540946275
cell_74,0.05114196459656231
cell_75,0.057031432029373025
cell_76,0.021503905228723086
cell_77,0.0645767864374034
cell_78,0.027805196471813523
cell_79,0.028590270026853343
cell_80,0.032176817859980784
cell_81,0.029910732420765144
cell_82,0.03241496780318058
cell_83,0.01601813096084773
cell_84,0.0442398307523575
cell_85,0.03592332042670736
cell_86,0.010775725119516494
cell_87,0.06943991991828463
cell_88,0.058498396540946275
cell_89,0.057031432029373025
cell_90,0.015148791564479219
cell_91,0.015148791564479219
cell_92,0.04370676334047947
cell_93,0.015148791564479219
cell_94,0.0333102214458201
cell_95,0.02668797548517158
cell_96,0.02752815925427975
cell_97,0.01601813096084773
cell_98,0.059993814446435825
cell_99,0.008355110280358189
cell_100,0.010775725119516494
cell_101,0.044690013655616874
cell_102,0.009449904909549917
cell_103,0.06534958119629058
cell_104,0.0050529687482810965
cell_105,0.016913196660073876
cell_106,0.0050529687482810965
cell_107,0.00417348296440301
cell_108,0.018291777493721215
cell_109,0.023262775431096085
cell_110,0.06534958119629058
cell_111,0.06468698451744696
cell_112,0.015124033297845113
cell_113,0.011990743549629593
cell_114,0.07336022446815357
cell_115,0.02181373680235983
cell_116,0.044690013655616874
cell_117,0.040021802099178244
cell_118,0.01601813096084773
cell_119,0.010509028232797212
cell_120,0.031713695749423294
cell_121,0.024243523151611733
cell_122,0.047715565376337435
cell_123,0.011383661052589929
cell_124,0.026777984545366004
cell_125,0.011990743549629593
cell_126,0.036925117017974456
cell_127,0.04351241062349396
cell_128,0.007879389384389911
cell_129,0.07336022446815357
cell_130,0.03046892624094481
cell_131,0.031713695749423294
cell_132,0.01895099067787128
cell_133,0.03445544535493122
cell_134,0.03520535701028131
cell_135,0.011990743549629593
cell_136,0.03881232546705831
cell_137,0.01895099067787128
cell_138,0.01671135005593873
cell_139,0.040021802099178244
cell_140,0.05963979110246754
cell_141,0.047715565376337435
cell_142,0.08294589279078285
cell_143,0.006964951615431645
cell_144,0.04113921737700677
cell_145,0.06810016040401082
cell_146,0.03900830753655585
cell_147,0.021522806241463167
cell_148,0.029728877496449008
cell_149,0.047715565376337435
cell_150,0.019779156494461873
cell_151,0.036492477463025946
cell_152,0.06259301003101882
cell_153,0.03883835220363137
cell_154,0.024044306253838865
cell_155,0.03251094673838291
cell_156,0.0709085088223873
cell_157,0.03537107263552381
cell_158,0.0
cell_159,0.019161509366554856
cell_160,0.025546764128846402
cell_161,0.02480895268185793
cell_162,0.022119312681789807
cell_163,0.039898370217230666
cell_164,0.05041813832011239
cell_165,0.07672440677063255
cell_166,0.037832564364976624
cell_167,0.03537107263552381
cell_168,0.028010772514615975
cell_169,0.03491207997965837
cell_170,0.03619911404334298
cell_171,0.026691138559507728
cell_172,0.04247883311264546
cell_173,0.07104903868213719
cell_174,0.06103485686763179
cell_175,0.0526949314418862
cell_176,0.04262935330766957
cell_177,0.004663691713577823
cell_178,0.02508606534969583
cell_179,0.019203739653769043
cell_180,0.0677747079127005
cell_181,0.015975510334936202
cell_182,0.028327235885523598
cell_183,0.0264062841817295
cell_184,0.021810349293180736
cell_185,0.033806480585636095
cell_186,0.05462908281093719
cell_187,0.03619911404334298
cell_188,0.027179779747505826
cell_189,0.01523959506910826
cell_190,0.0043310860084186786
cell_191,0.01967557095629304
cell_192,0.005634224296487998
cell_193,0.01523959506910826
cell_194,0.06256547244715768
cell_195,0.045249927456059484
cell_196,0.0401415084968612
cell_197,0.02681866634839323
cell_198,0.032029428757230013
cell_199,0.045802424831309564
cell_200,0.03139935478551299
cell_201,0.06256547244715768
cell_202,0.025758743207457302
cell_203,0.030955372795825064
cell_204,0.032029428757230013
cell_205,0.0331798867727488
cell_206,0.0043973755130839775
cell_207,0.006904205088066707
cell_208,0.018581480426421826
cell_209,0.03139935478551299
cell_210,0.006965084694270724
cell_211,0.005330347487384511
cell_212,0.04017112442596928
cell_213,0.02385078542041811
cell_214,0.013072162370644038
cell_215,0.0190071181015178
cell_216,0.03560114626568716
cell_217,0.005330347487384511
cell_218,0.01844279835315352
cell_219,0.028697412179839805
cell_220,0.03628597226951613
cell_221,0.032694267606725086
cell_222,0.032029428757230013
cell_223,0.014043828313792656
cell_224,0.01684856988296839
cell_225,0.0043973755130839775
cell_226,0.0387282693510621
cell_227,0.019982213370668234
cell_228,0.03519284989256755
cell_229,0.005330347487384511
cell_230,0.026027881772758967
cell_231,0.011700826810017377
cell_232,0.0043973755130839775
cell_233,0.03470270516324286
cell_234,0.04339779241312416
cell_235,0.023832711077481118
cell_236,0.020265141529115984
cell_237,0.015554633914136601
cell_238,0.0043973755130839775
cell_239,0.01684856988296839
cell_240,0.032694267606725086
cell_241,0.010996525467926354
cell_242,0.015160261212844034
cell_243,0.04708542040404178
cell_244,0.05760909009383245
cell_245,0.03529283937292794
cell_246,0.0048406282668590475
cell_247,0.008340229328377352
cell_248,0.026488668331047686
cell_249,0.02483526234443765
cell_250,0.02522248357626543
cell_251,0.020026215843877385
cell_252,0.030160557658287502
cell_253,0.026408757006938358
cell_254,0.02834954022198218
cell_255,0.03778051172411786
cell_256,0.002377031018719573
cell_257,0.03295426851829511
cell_258,0.05887763529503486
cell_259,0.029915347847691794
cell_260,0.042724212771043914
cell_261,0.05239178697678244
cell_262,0.014811591644001245
cell_263,0.02340104744789314
cell_264,0.03444151686158983
cell_265,0.03456649097013981
cell_266,0.014811591644001245
cell_267,0.01791386210028174
cell_268,0.0606453322591405
cell_269,0.01674939752332847
cell_270,0.02522248357626543
cell_271,0.014811591644001245
cell_272,0.0048406282668590475
cell_273,0.014272234086838233
cell_274,0.034968738527423285
cell_275,0.030392046820436624
cell_276,0.0331814497264659
cell_277,0.013479538640562628
cell_278,0.008863521434096813
cell_279,0.010681686843127371
cell_280,0.01674939752332847
cell_281,0.018027580205104143
cell_282,0.009615084032404074
cell_283,0.11182954267996116
cell_284,0.046604932156619226
cell_285,0.03371043774819732
cell_286,0.013807497883109886
cell_287,0.02151827970753176
cell_288,0.010840170871016566
cell_289,0.08054349927522175
cell_290,0.027273752640517047
cell_291,0.013829754011341268
cell_292,0.03495148315424213
cell_293,0.04157177363829061
cell_294,0.02280415963480157
cell_295,0.0048406282668590475
cell_296,0.0034426435005167825
cell_297,0.010681686843127371
cell_298,0.01748755172970652
cell_299,0.033215203523012035
cell_300,0.043940959736535105
cell_301,0.016306169891436583
cell_302,0.026013374112329363
cell_303,0.024687095632877052
cell_304,0.011673348322093458
cell_305,0.015880197740926128
cell_306,0.005412627870122907
cell_307,0.03371043774819732
cell_308,0.021031179183922343
cell_309,0.014039019071563269
cell_310,0.01549168754519144
cell_311,0.01927646382631878
cell_312,0.05136774085191881
cell_313,0.0373548609332655
cell_314,0.011134071457460875
cell_315,0.046170730512895206
cell_316,0.024687095632877052
cell_317,0.020903998408387508
cell_318,0.04104653937551607
cell_319,0.0139849009869194
cell_320,0.027571482884177288
cell_321,0.011097125820841594
cell_322,0.046170730512895206
cell_323,0.00710661320843554
cell_324,0.0238766413024039
cell_325,0.014080151021600776
cell_326,0.0373548609332655
cell_327,0.009907130346722293
cell_328,0.01538217028273026
cell_329,0.010779878434199636
cell_330,0.015305720419735488
cell_331,0.07414701306911262
cell_332,0.020351782906352523
cell_333,0.04206840281212182
cell_334,0.008834026702008424
cell_335,0.02238468211518227
cell_336,0.027571482884177288
cell_337,0.020800586418535258
cell_338,0.02861257048516033
cell_339,0.022698074066545552
cell_340,0.008040981309677583
cell_341,0.007609988314256657
cell_342,0.019970786225544147
cell_343,0.014954833456449112
cell_344,0.018577567320379917
cell_345,0.013567609362726796
cell_346,0.019970786225544147
cell_347,0.019970786225544147
cell_348,0.08866872968795801
cell_349,0.009558021210155634
cell_350,0.00892507860582405
cell_351,0.012701888623410207
cell_352,0.018344230238713226
cell_353,0.05166696281816297
cell_354,0.011192616045632993
cell_355,0.009667875374632626
cell_356,0.08210351410726155
cell_357,0.0074202395457523395
cell_358,0.0037004868825028236
cell_359,0.0045050381610274165
cell_360,0.008040981309677583
cell_361,0.025162079556421035
cell_362,0.042076614673965895
cell_363,0.14151699847856783
cell_364,0.012472028778588221
cell_365,0.02667949450954959
cell_366,0.009558021210155634
cell_367,0.24143153072829535
cell_368,0.029781508530144336
cell_369,0.011118834721077352
cell_370,0.022105031284374868
cell_371,0.01665010263759118
cell_372,0.011260172175750453
cell_373,0.012424149505762599
cell_374,0.00753649790092999
cell_375,0.04416021759266661
cell_376,0.014616992924826268
cell_377,0.017535595289561244
cell_378,0.010172123288420707
cell_379,0.014031438668466118
cell_380,0.014270227483834956
cell_381,0.012960989966413613
cell_382,0.00596977403562642
cell_383,0.00596977403562642
cell_384,0.020739669325048768
cell_385,0.008097720538924647
cell_386,0.01813770840607942
cell_387,0.009375296385227808
cell_388,0.008097720538924647
cell_389,0.025083792170183476
cell_390,0.023845806220271604
cell_391,0.08233422334001692
cell_392,0.016974001776057433
cell_393,0.007720089820857412
cell_394,0.034134783957012825
cell_395,0.020739669325048768
cell_396,0.12614361226752488
cell_397,0.014263954938307918
cell_398,0.012080926733068707
cell_399,0.01787500411501595
cell_400,0.0079737577515905
cell_401,0.00753649790092999
cell_402,0.012166285536509175
cell_403,0.03100672947382611
cell_404,0.013594931568181328
cell_405,0.015417253952436672
cell_406,0.015695890655455683
cell_407,0.016477086674453773
cell_408,0.053895866057261856
cell_409,0.004242526019614853
cell_410,0.004471424368796378
cell_411,0.014018838875486953
cell_412,0.012863435902804768
cell_413,0.04124240438436743
cell_414,0.016994151754902133
cell_415,0.01761284145433526
cell_416,0.012455111060241542
cell_417,0.006579174172271808
cell_418,0.0037580394822984598
cell_419,0.00856189734794608
cell_420,0.009945846728564427
cell_421,0.006439051283582139
cell_422,0.03542165404858765
cell_423,0.007991785635911908
cell_424,0.014305857484159853
cell_425,0.016477086674453773
cell_426,0.009334513725014386
cell_427,0.027370590146460025
cell_428,0.015460015039424306
cell_429,0.2529686259955964
cell_430,0.1752672653975425
cell_431,0.2574061490131783
cell_432,0.013363506442804023
cell_433,0.007871012482927228
cell_434,0.02184291427603069
cell_435,0.03207146620538339
cell_436,0.03432924710275201
cell_437,0.006475228770856677
cell_438,0.006884694503062526
cell_439,0.025549554511385523
cell_440,0.006884694503062526
cell_441,0.017694163023471727
cell_442,0.018737247673812893
cell_443,0.013747452592152522
cell_444,0.006034412981122824
cell_445,0.006475228770856677
cell_446,0.22748781652242658
cell_447,0.010704950447108178
cell_448,0.023214307069540578
cell_449,0.027704666578037933
cell_450,0.01787896038447744
cell_451,0.013027990363163976
cell_452,0.007353417552510886
cell_453,0.0268402480229757
cell_454,0.007991785635911908
cell_455,0.022413008476380274
cell_456,0.018079858471911556
cell_457,0.019112324739206592
cell_458,0.010704950447108178
cell_459,0.018079858471911556
cell_460,0.0018483634465746692
cell_461,0.013747452592152522
cell_462,0.018737247673812893
cell_463,0.006982401317921396
cell_464,0.04374782829269913
cell_465,0.028856902428082525
cell_466,0.02253109500369837
cell_467,0.02272165768787797
cell_468,0.029196929496562662
cell_469,0.022556807302666616
cell_470,0.006982401317921396
cell_471,0.03233914563097813
cell_472,0.023214307069540578
cell_473,0.014875603357737424
cell_474,0.012330891941198796
cell_475,0.022460975638289752
cell_476,0.013348699428294909
cell_477,0.0050705729893900575
cell_478,0.01022740641844033
cell_479,0.015744436951792406
cell_480,0.018079858471911556
cell_481,0.2947962652243771
cell_482,0.01022740641844033
cell_483,0.024869599915147176
cell_484,0.008477579480052127
cell_485,0.013210891653395465
cell_486,0.006635144806846216
cell_487,0.004260757734406027
cell_488,0.038071814162447704
cell_489,0.02272165768787797
cell_490,0.0018483634465746692
cell_491,0.01665746323971041
cell_492,0.029196929496562662
cell_493,0.05582886734299889
cell_494,0.0032922333502425506
cell_495,0.010704950447108178
cell_496,0.009972766647530492
cell_497,0.021683878441151355
cell_498,0.029196929496562662
cell_499,0.00045597937370736954
cell_500,0.02560758984997232
cell_501,0.012110992313364126
cell_502,0.020129428608137018
cell_503,0.031410862092350375
cell_504,0.05802222057786609
cell_505,0.009026998847034944
cell_506,0.04019434890445666
cell_507,0.028013496840554885
cell_508,0.01752364109112642
cell_509,0.024923709007482735
cell_510,0.03184657647189257
cell_511,0.028681168512308928
cell_512,0.10004474778090555
cell_513,0.3377336516577634
cell_514,0.0415136677352441
cell_515,0.024923709007482735
cell_516,0.3010840135106155
cell_517,0.014937093254987465
cell_518,0.03371434238931694
cell_519,0.02177423319519388
cell_520,0.05376248821174786
cell_521,0.01640452671037414
cell_522,0.038535522864994266
cell_523,0.02139670302479567
cell_524,0.025715012345089945
cell_525,0.028681168512308928
cell_526,0.0187631812491593
cell_527,0.01820124048021322
cell_528,0.016856464090870656
cell_529,0.03796956388474302
cell_530,0.029950094412339867
cell_531,0.018771323701005597
cell_532,0.019981851693025847
cell_533,0.015403143230785734
cell_534,0.031174687918183862
cell_535,0.004885758291808758
cell_536,0.008115349777926202
cell_537,0.01961466556213562
cell_538,0.016174793055529938
cell_539,0.06212118337013971
cell_540,0.016856464090870656
cell_541,0.03796956388474302
cell_542,0.01620408965573069
cell_543,0.04870371599054054
cell_544,0.2968600515923398
cell_545,0.06501833200566919
cell_546,0.009031425065887402
cell_547,0.013223241166075785
cell_548,0.06467483346810693
cell_549,0.019325533036797245
cell_550,0.022617903957883097
cell_551,0.013900040815502345
cell_552,0.014045666208188316
cell_553,0.011643498148660818
cell_554,0.010117524544279338
cell_555,0.0049581457635039065
cell_556,0.18561246585891344
cell_557,0.021023710744178376
cell_558,0.06443257613861408
cell_559,0.022845968531885027
cell_560,0.012772102913377803
cell_561,0.039375112927787656
cell_562,0.020175010144208732
cell_563,0.03106615630172672
cell_564,0.06443257613861408
cell_565,0.011260932504557277
cell_566,0.011837673612454459
cell_567,0.007507387870122765
cell_568,0.08141215708267424
cell_569,0.012098582415422917
cell_570,0.04924547053798087
cell_571,0.010370480731142313
cell_572,0.008968097831852128
cell_573,0.013667564667721432
cell_574,0.008156835283967654
cell_575,0.0043479381569616615
cell_576,0.011965080250056583
cell_577,0.011739133585355778
cell_578,0.052588319957380565
cell_579,0.008156835283967654
cell_580,0.017437458854044935
cell_581,0.014851648068367777
cell_582,0.019906834231435862
cell_583,0.0320543239305849
cell_584,0.011739133585355778
cell_585,0.01934139517930455
cell_586,0.006100049595623168
cell_587,0.029563441048968308
cell_588,0.011739133585355778
cell_589,0.02936804394219859
cell_590,0.03326319939196913
cell_591,0.02329444748850345
cell_592,0.20950999677926055
cell_593,0.01085245711160265
cell_594,0.04973781255212431
cell_595,0.15078867578515417
cell_596,0.019462379808781707
cell_597,0.032134488003743765
cell_598,0.025641387260347172
cell_599,0.0054856576637022795
cell_600,0.14380772503656464
cell_601,0.03010120978290558
cell_602,0.024212817282215915
cell_603,0.01999351476092175
cell_604,0.02576135937650899
cell_605,0.016742077976799885
cell_606,0.0990305147407643
cell_607,0.017627970483047272
cell_608,0.0990305147407643
cell_609,0.013192478080035786
cell_610,0.03503133109214152
cell_611,0.02357268698986654
cell_612,0.054012771939769104
cell_613,0.00538377680050202
cell_614,0.06355935945619413
cell_615,0.014485820571248868
cell_616,0.00538377680050202
cell_617,0.028704219870394072
cell_618,0.010943104184237901
cell_619,0.02213743783831764
cell_620,0.10532539965865895
cell_621,0.029572413200900607
cell_622,0.015928644064521574
cell_623,0.08746929522770033
cell_624,0.028592015035049066
cell_625,0.010591366352240521
cell_626,0.026754737681719203
cell_627,0.026965775590030838
cell_628,0.027310935373596093
cell_629,0.21093682926567678
cell_630,0.012754214373845206
cell_631,0.05617091238684175
cell_632,0.009087153006777487
cell_633,0.07620974571509655
cell_634,0.012920645433805954
cell_635,0.21093682926567678
cell_636,0.05490001465663446
cell_637,0.010591366352240521
cell_638,0.007931662901238978
cell_639,0.03970948082852586
cell_640,0.026965775590030838
cell_641,0.06266371409130096
cell_642,0.06106169916262029
cell_643,0.0041831208492147075
cell_644,0.02401855285707897
cell_645,0.006854824282505954
cell_646,0.056049648807658184
cell_647,0.05893245396359392
cell_648,0.06603307933051164
cell_649,0.027639937710987075
cell_650,0.053018630781262226
cell_651,0.06338936845186169
cell_652,0.15354306928263342
cell_653,0.06674611927573239
cell_654,0.0068089056671363935
cell_655,0.1288256391889685
cell_656,0.019003848613199145
cell_657,0.028174883017891998
cell_658,0.09084932180514999
cell_659,0.13259762293359287
cell_660,0.02922914539098383
cell_661,0.045962772265051924
cell_662,0.06244504777547677
cell_663,0.054294622296488466
cell_664,0.053740977095416365
cell_665,0.06509348668054091
cell_666,0.011666442778879738
cell_667,0.044065219953485744
cell_668,0.06349301492140073
cell_669,0.053068168850418936
cell_670,0.048860949821002024
cell_671,0.013921532398408043
cell_672,0.08356098761868101
cell_673,0.0366436398588091
cell_674,0.09210843434405323
cell_675,0.011381563893355998
cell_676,0.07849107497736017
cell_677,0.031770088976109924
cell_678,0.047672968382599365
cell_679,0.03890516992326817
cell_680,0.32028572323830956
cell_681,0.0272743980851677
cell_682,0.01736546042194627
cell_683,0.01344553153790623
cell_684,0.055149871054257074
cell_685,0.014163131279239061
cell_686,0.050180665082238785
cell_687,0.04265618711304852
cell_688,0.08426470046151142
cell_689,0.35145584332977153
cell_690,0.05110854272747935
cell_691,0.08824641962102282
cell_692,0.08083873172209799
cell_693,0.010534807734405764
cell_694,0.012745369607754034
cell_695,0.04501621870807899
cell_696,0.06758574464698248
cell_697,0.05773933816122741
cell_698,0.037611559912198896
cell_699,0.011756338196436199
cell_700,0.051627770701241145
cell_701,0.048520027183245565
cell_702,0.08629841917772785
cell_703,0.015546315646007045
cell_704,0.021271753241227175
cell_705,0.07473083356968944
cell_706,0.02632461796411689
cell_707,0.015484455179891218
cell_708,0.04520162141864443
cell_709,0.016584409611837724
cell_710,0.025792160138176874
cell_711,0.036667977371627636
cell_712,0.07424813593602772
cell_713,0.2670189814528209
cell_714,0.014770880643636604
cell_715,0.010024185331140984
cell_716,0.033201966786023815
cell_717,0.061288261220650425
cell_718,0.0545772326978889
cell_719,0.025198715735374574
cell_720,0.047515394045508856
cell_721,0.024449166776441555
cell_722,0.01514682398852724
cell_723,0.01778407454632652
cell_724,0.017292394277867315
cell_725,0.0332758948980117
cell_726,0.03290154412300492
cell_727,0.047515394045508856
cell_728,0.05725192877487107
cell_729,0.020239814533856034
cell_730,0.19469297730847818
cell_731,0.06101945233251805
cell_732,0.06857245710606782
cell_733,0.01027572588643795
cell_734,0.05088311727511156
cell_735,0.020147845459825706
cell_736,0.017312752949184003
cell_737,0.0388242735556427
cell_738,0.043269187122458835
cell_739,0.018169904625696086
cell_740,0.048663238915216546
cell_741,0.012299346167248397
cell_742,0.04406010520376335
cell_743,0.03000512319250983
cell_744,0.011957071879461108
cell_745,0.0381204877057992
cell_746,0.011504502236911275
cell_747,0.01844126379877673
cell_748,0.024688781215586975
cell_749,0.014267045865838985
cell_750,0.01577784844798663
cell_751,0.014195074197260115
cell_752,0.024901258606091485
cell_753,0.018406887703958933
cell_754,0.024688781215586975
cell_755,0.023346135647315806
cell_756,0.03294756999552898
cell_757,0.016023834510908885
cell_758,0.012084763238784442
cell_759,0.013461178403843232
cell_760,0.032907162762143734
cell_761,0.005050692640447541
cell_762,0.03480714249127961
cell_763,0.07659414892830238
cell_764,0.01702277286042642
cell_765,0.3055780967080753
cell_766,0.05046817385595835
cell_767,0.02208091525694463
cell_768,0.01739422020286601
cell_769,0.012979887849465816
cell_770,0.010854929102589181
cell_771,0.01764486657808461
cell_772,0.015706442570538874
cell_773,0.05815170347112215
cell_774,0.058374579359809095
cell_775,0.02528720545862485
cell_776,0.01417350949142931
cell_777,0.027258921071745084
cell_778,0.005424570426854104
cell_779,0.011195106825578276
cell_780,0.05726809956441606
cell_781,0.040321947390828554
cell_782,0.00773420368900927
cell_783,0.02266362696504844
cell_784,0.052865507578587434
cell_785,0.05910093847046868
cell_786,0.027999701892475946
cell_787,0.026015564215270483
cell_788,0.009067753130662246
cell_789,0.05470213420476384
cell_790,0.01417350949142931
cell_791,0.024360265373356258
cell_792,0.0214180544862194
cell_793,0.013874569687795177
cell_794,0.04651172875134621
cell_795,0.024199747983047273
cell_796,0.02886109365413105
cell_797,0.013356862450502693
cell_798,0.021133919806538812
cell_799,0.025488985069163934
cell_800,0.07743203555238062
cell_801,0.03230355968167275
cell_802,0.02740452679804659
cell_803,0.029549606691181632
cell_804,0.01670803634315797
cell_805,0.008327144745487878
cell_806,0.015888555664001987
cell_807,0.020794516954716964
cell_808,0.012008999788482664
cell_809,0.0251420298872797
cell_810,0.016544202042031622
cell_811,0.02418801002462699
cell_812,0.27725526716291893
cell_813,0.012751068956435177
cell_814,0.008327144745487878
cell_815,0.02295795232589088
cell_816,0.044634462013600495
cell_817,0.02660898384644062
cell_818,0.02085368549422447
cell_819,0.014752634786867783
cell_820,0.028480678682820698
cell_821,0.09038013679682062
cell_822,0.013124370170617123
cell_823,0.0052523327719927555
cell_824,0.06692212111393647
cell_825,0.03503093706978163
cell_826,0.014476882751394094
cell_827,0.016369761708210747
cell_828,0.013356862450502693
cell_829,0.01029631370564578
cell_830,0.22351819889161081
cell_831,0.12677823150999767
cell_832,0.022999458194248302
cell_833,0.012557736959323232
cell_834,0.024288037398135013
cell_835,0.017579575542715407
cell_836,0.015035090391913334
cell_837,0.03135974593963872
cell_838,0.2955118978625891
cell_839,0.024288037398135013
cell_840,0.022012499400131513
cell_841,0.026762839070421224
cell_842,0.008146107351289773
cell_843,0.017799924513869945
cell_844,0.02186042216812294
cell_845,0.014350512449559483
cell_846,0.019639682266853475
cell_847,0.008146107351289773
cell_848,0.015035090391913334
cell_849,0.058564408417831865
cell_850,0.01666657759305211
cell_851,0.0244364540769137
cell_852,0.09244948576904977
cell_853,0.10322574191710422
cell_854,0.06486322232044497
cell_855,0.008468977282582437
cell_856,0.019639682266853475
cell_857,0.06275160768986235
cell_858,0.01741387936754301
cell_859,0.022194259329384663
cell_860,0.025235886358027846
cell_861,0.013856232015018078
cell_862,0.012730318746533931
cell_863,0.06764345508468873
cell_864,0.07143292402641356
cell_865,0.024288037398135013
cell_866,0.01861632325853084
cell_867,0.018975325410491087
cell_868,0.016637493961290342
cell_869,0.020475040968280952
cell_870,0.011342160236564924
cell_871,0.009273269347362697
cell_872,0.005753045532798402
cell_873,0.018520358210298703
cell_874,0.024488245235322403
cell_875,0.012736238073104297
cell_876,0.0441051187851053
cell_877,0.02142903040978308
cell_878,0.015489006837343102
cell_879,0.013844673769669929
cell_880,0.0016011526588173084
cell_881,0.025345081245695462
cell_882,0.0098713742991733
cell_883,0.015120925964124043
cell_884,0.04725786746381411
cell_885,0.029924460765411717
cell_886,0.03122948241676837
cell_887,0.012174519813776208
cell_888,0.3786102588905413
cell_889,0.01889683917202235
cell_890,0.020415885448536255
cell_891,0.02849229839820317
cell_892,0.05464370699242288
cell_893,0.010100854253054693
cell_894,0.013862233123543902
cell_895,0.019149348156389887
cell_896,0.024355425758263903
cell_897,0.07437241081667874
cell_898,0.0561939134485619
cell_899,0.010967199305026676
cell_900,0.021990327906804524
cell_901,0.0071143111567132915
cell_902,0.04465458129509779
cell_903,0.04416147959285841
cell_904,0.026291838257112978
cell_905,0.11995857171392385
cell_906,0.015403052529087477
cell_907,0.0066689685154009285
cell_908,0.013100512255093281
cell_909,0.03695503089116853
cell_910,0.035504188986734166
cell_911,0.011275934485201217
cell_912,0.06957315892492119
cell_913,0.026061228107129387
cell_914,0.058358209390874
cell_915,0.021081415722187167
cell_916,0.02554510030696258
cell_917,0.04725786746381411
cell_918,0.02004080202361018
cell_919,0.05081850436164335
cell_920,0.027595004735120606
cell_921,0.016314016692356798
cell_922,0.07125262021685598
cell_923,0.016317708930320064
cell_924,0.013862233123543902
cell_925,0.01999609967329859
cell_926,0.03480490337474684
cell_927,0.01326762348442808
cell_928,0.0197442049482217
cell_929,0.05825491679944449
cell_930,0.09866004254602115
cell_931,0.030167956998994327
cell_932,0.058910780935899416
cell_933,0.05932169097188177
cell_934,0.04062301804299209
cell_935,0.02228146682129651
cell_936,0.0279368283244905
cell_937,0.04860028196504665
cell_938,0.0747439305813186
cell_939,0.042576817457175474
cell_940,0.02735151846818508
cell_941,0.05648682308371936
cell_942,0.09972442890675673
cell_943,0.3453631798451884
cell_944,0.013157089331712167
cell_945,0.03381293686735507
cell_946,0.07467567489092117
cell_947,0.053669162521510154
cell_948,0.02502330655729352
cell_949,0.03321744506027684
cell_950,0.05825491679944449
cell_951,0.02502330655729352
cell_952,0.04920738773839558
cell_953,0.014143932729919043
cell_954,0.01116538978955453
cell_955,0.03448100306817845
cell_956,0.009522158349045328
cell_957,0.16405201061295926
cell_958,0.05715652986862724
cell_959,0.08152740660118993
cell_960,0.02356102348525766
cell_961,0.07918073832576546
cell_962,0.014924934273382175
cell_963,0.06292315565039054
cell_964,0.05662233442714607
cell_965,0.02735151846818508
cell_966,0.04920738773839558
cell_967,0.14302607960619934
cell_968,0.05199129104792963
cell_969,0.03538600772585834
cell_970,0.031211239574340636
cell_971,0.017295147496612397
cell_972,0.02428107492077717
cell_973,0.12036055620235457
cell_974,0.028600740462900415
cell_975,0.02722428170035328
cell_976,0.0428037838492751
cell_977,0.010894806623801443
cell_978,0.02085349474060415
cell_979,0.029062673475452726
cell_980,0.09959532941345858
cell_981,0.06504479263824749
cell_982,0.024811433592408404
cell_983,0.04384376891048889
cell_984,0.020692414405110732
cell_985,0.22238468062424221
cell_986,0.054286417344805424
cell_987,0.15816398993057423
cell_988,0.09519039053463847
cell_989,0.03021329557013727
cell_990,0.032061676050444333
cell_991,0.02775484774187453
cell_992,0.028754947204185567
cell_993,0.014643803881707438
cell_994,0.07535292826042861
cell_995,0.043420060188771564
cell_996,0.05329232387850186
cell_997,0.055885998301533575
cell_998,0.28300144722749554
cell_999,0.047850568148917895
cell_1000,0.08166869879352816
cell_1001,0.027664857479553606
cell_1002,0.03783583334716534
cell_1003,0.01781905829745249
cell_1004,0.053764395896039444
cell_1005,0.015313923884739239
cell_1006,0.08166869879352816
cell_1007,0.0
cell_1008,0.05879409129376924
cell_1009,0.14155277273770717
cell_1010,0.01999256354863844
cell_1011,0.037071525214395246
cell_1012,0.030792477033636176
cell_1013,0.09519039053463847
cell_1014,0.02929231277258563
cell_1015,0.0332307507549594
cell_1016,0.02733524504177681
cell_1017,0.01877601998495037
cell_1018,0.014635534338265671
cell_1019,0.053896529387175374
cell_1020,0.01864423942559896
cell_1021,0.03383095610847717
cell_1022,0.307142682390636
cell_1023,0.016990713323334985
cell_1024,0.027435129481268444
cell_1025,0.028572991011081853
cell_1026,0.028228217189538
cell_1027,0.10533556210642801
cell_1028,0.03450850607917995
cell_1029,0.021659771553202582
cell_1030,0.020299334608314058
cell_1031,0.281629396797963
cell_1032,0.0379807034877022
cell_1033,0.031399675450609205
cell_1034,0.03125104842999252
cell_1035,0.03164576747533303
cell_1036,0.017221044298759806
cell_1037,0.03670537069984122
cell_1038,0.03450850607917995
cell_1039,0.021331871169529858
cell_1040,0.0379807034877022
cell_1041,0.05409072618169141
cell_1042,0.06461048606244696
cell_1043,0.02233404937348828
cell_1044,0.028006834393990394
cell_1045,0.02929231277258563
cell_1046,0.027271786521158678
cell_1047,0.09267975762271981
cell_1048,0.02160840455770057
cell_1049,0.1474045033357732
cell_1050,0.0771250553212829
cell_1051,0.0365382586356042
cell_1052,0.01470750524667628
cell_1053,0.0359799347085178
cell_1054,0.02261667454070226
cell_1055,0.018751220517278455
cell_1056,0.07358678699245542
cell_1057,0.011267618730495
cell_1058,0.23515268567846326
cell_1059,0.041705717322163494
cell_1060,0.015518176223765702
cell_1061,0.015518176223765702
cell_1062,0.26459152860165
cell_1063,0.020084282158063148
cell_1064,0.031399675450609205
cell_1065,0.06804848923971464
cell_1066,0.02261667454070226
cell_1067,0.06097338237377622
cell_1068,0.0960230657932739
cell_1069,0.1586286532627389
cell_1070,0.02108023922159102
cell_1071,0.020605414717819938
cell_1072,0.018751220517278455
cell_1073,0.08343898596027677
cell_1074,0.05451577953422507
cell_1075,0.014609079485527114
cell_1076,0.019790336273904162
cell_1077,0.015460830356455998
cell_1078,0.16070894650331252
cell_1079,0.02679824234475995
cell_1080,0.03313533354103212
cell_1081,0.054102056440132766
cell_1082,0.0548301444733464
cell_1083,0.13236876057050445
cell_1084,0.03559086141348468
cell_1085,0.047120696233401246
cell_1086,0.014945555096564372
cell_1087,0.1336621614472845
cell_1088,0.06129513248712695
cell_1089,0.01745118583748463
cell_1090,0.04290052237480902
cell_1091,0.03627022568669128
cell_1092,0.039098512167145875
cell_1093,0.024739656638168173
cell_1094,0.05643516270535745
cell_1095,0.04393848321334273
cell_1096,0.04488480286732612
cell_1097,0.20401462052558758
cell_1098,0.046825995140918154
cell_1099,0.07679931995391849
cell_1100,0.026807950942711337
cell_1101,0.025226853954720737
cell_1102,0.04896101018363445
cell_1103,0.21282913437153508
cell_1104,0.07338406844887202
cell_1105,0.059463157008874584
cell_1106,0.1336621614472845
cell_1107,0.1748054576460469
cell_1108,0.039599197333555484
cell_1109,0.15064196021441387
cell_1110,0.19609472851695547
cell_1111,0.042548740731787216
cell_1112,0.01802560680274182
cell_1113,0.04544472639737653
cell_1114,0.06162885716836301
cell_1115,0.03869003043962885
cell_1116,0.03517021428090292
cell_1117,0.12774254627418413
cell_1118,0.08907941323928434
cell_1119,0.03760500837176694
cell_1120,0.013279676406972862
cell_1121,0.19609472851695547
cell_1122,0.06819288585620287
cell_1123,0.20401462052558758
cell_1124,0.01823530612866819
cell_1125,0.027557060403399083
cell_1126,0.20136222600380702
cell_1127,0.080090158934486
cell_1128,0.0656023825539556
cell_1129,0.02064635192590956
cell_1130,0.34155218757300176
cell_1131,0.11791771670278502
cell_1132,0.032852386793108944
cell_1133,0.07884190468927615
cell_1134,0.1722847611555022
cell_1135,0.06503134746514365
cell_1136,0.011188362480422574
cell_1137,0.0891054803809335
cell_1138,0.19379257776302594
cell_1139,0.09986041506584079
cell_1140,0.15064196021441387
cell_1141,0.02144169234446316
cell_1142,0.013933999290205704
cell_1143,0.04213042660117358
cell_1144,0.12331983625548232
cell_1145,0.17705511447222336
cell_1146,0.2758915012006041
cell_1147,0.10993859620836301
cell_1148,0.08907941323928434
cell_1149,0.11479711479683302
cell_1150,0.21407348780541502
cell_1151,0.03167646042219997
cell_1152,0.03277282269481825
cell_1153,0.017815731573021614
cell_1154,0.21085780895530637
cell_1155,0.03517021428090292
cell_1156,0.08514698473954672
cell_1157,0.044308977557751414
cell_1158,0.23866876973967613
cell_1159,0.12210561647316265
cell_1160,0.1789499794265961
cell_1161,0.10057582248454534
cell_1162,0.10057582248454534
