source_gene,target_gene,ab_vs_aa_pval,ab_vs_aa_stat,ab_vs_bb_pval,ab_vs_bb_stat,ba_vs_aa_pval,ba_vs_aa_stat,ba_vs_bb_pval,ba_vs_bb_stat,ab_likelihood,ba_likelihood,ab_type,ba_type,ab_rank,ba_rank,ab_likelihood_abs,ba_likelihood_abs,ab_rank_abs,ba_rank_abs
Dll1,Notch1,0.8647184088611417,0.1703709599273644,0.01147942914515201,-2.5277554159633957,0.0013041503847798172,3.2150648889518765,0.8387623772215026,-0.20347680009645921,0.1703709599273644,0.20347680009645921,inconsistent,inconsistent,214.0,211.0,0.1703709599273644,0.20347680009645921,214.0,211.0
Jag1,Notch1,0.34507518635949697,0.9441848682426195,0.020479202212174634,2.317450535326787,0.05345371713955301,1.9312372683379306,0.001526515542326917,3.169594986737462,0.9441848682426195,1.9312372683379306,positive,positive,93.0,24.0,0.9441848682426195,1.9312372683379306,93.0,24.0
Wnt5a,Fzd2,0.33948842595493467,0.9551765430766429,0.046925562178887624,1.9869714371835445,0.7374394625166354,-0.33524608243771703,0.4869935127130559,0.6950985989872331,0.9551765430766429,0.33524608243771703,positive,inconsistent,92.0,184.5,0.9551765430766429,0.33524608243771703,92.0,184.5
Igf2,Igf2r,0.6546143103394271,0.4473611657447568,0.9705873564196961,-0.036871634916808047,0.35527817094907843,-0.9243998535413771,0.13199670418289036,-1.5062745671570101,0.036871634916808047,0.9243998535413771,inconsistent,negative,237.0,106.0,0.036871634916808047,0.9243998535413771,237.0,106.0
Igf2,Igf1r,0.6625686708085896,0.4363694909107333,0.7942215441341592,0.2608326766337162,0.2928439261735435,-1.0519032816160498,0.26925344151326147,-1.1047834313962115,0.2608326766337162,1.0519032816160498,positive,negative,198.0,95.0,0.2608326766337162,1.0519032816160498,198.0,95.0
Wnt5a,Fzd5,0.5705984018017872,-0.567170421435613,0.06269691801531099,-1.8613347552447912,0.47087637192393605,-0.7210538691119422,0.02450169953017253,-2.2491697299252906,0.567170421435613,0.7210538691119422,negative,negative,150.0,125.0,0.567170421435613,0.7210538691119422,150.0,125.0
Tgfa,Egfr,0.7868562317593895,-0.27039520091697833,0.7153954560316891,0.36461950084399064,0.1976678987532321,1.2882242905475554,0.05642150544194413,1.9077657029178088,0.27039520091697833,1.2882242905475554,inconsistent,positive,195.5,75.0,0.27039520091697833,1.2882242905475554,195.5,75.0
Hbegf,Egfr,0.9763242388283517,0.029677522051863473,0.8623108947408757,0.1734332457198008,0.8483257037073026,0.19125514211200906,0.7774202059609719,0.282682534362195,0.029677522051863473,0.19125514211200906,positive,positive,239.0,214.0,0.029677522051863473,0.19125514211200906,239.0,214.0
Jag1,Notch2,0.5735889562095435,0.5627737515020037,0.6085767972074574,0.5121060405112229,0.2678787356450607,-1.1079608232695697,0.18574161247559973,-1.3232820086809998,0.5121060405112229,1.1079608232695697,positive,negative,156.0,90.0,0.5121060405112229,1.1079608232695697,156.0,90.0
Dll3,Notch1,0.3967398155472486,0.8474581297032125,4.6285429054830606e-05,-4.073632850253274,0.0003266686373672566,3.593178503242285,0.4149161651940918,-0.8152728164938667,0.8474581297032125,0.8152728164938667,inconsistent,inconsistent,106.0,117.0,0.8474581297032125,0.8152728164938667,106.0,117.0
Wnt5a,Fzd4,0.060616993622405975,1.876278894167813,0.6532241298968394,0.44928769954184616,0.09852461786258117,1.6520487275537334,0.8196012363401636,0.2280578900409979,0.44928769954184616,0.2280578900409979,positive,positive,165.0,207.0,0.44928769954184616,0.2280578900409979,165.0,207.0
Pdgfc,Pdgfra,0.0069661910143427675,2.6984561717527713,0.1258050705113755,1.5308556571015488,0.9728179883430189,-0.03407419198547288,0.5488358625632488,-0.5995054714251382,1.5308556571015488,0.03407419198547288,positive,negative,46.0,238.0,1.5308556571015488,0.03407419198547288,46.0,238.0
Pdgfa,Pdgfra,0.03909957888713256,2.0631373663462127,0.07450582020262052,-1.7834946370870854,0.7978689708785254,0.25610602363274776,0.0027586032167365173,-2.9934305088016013,1.7834946370870854,0.25610602363274776,inconsistent,inconsistent,38.0,201.0,1.7834946370870854,0.25610602363274776,38.0,201.0
Fgf3,Fgfr2,0.2561910036669377,-1.1354400103546285,0.8515905336648091,0.18708940680010008,0.07551004363732951,-1.7773538206616015,0.7235677909278793,-0.35369457197975124,0.18708940680010008,0.35369457197975124,inconsistent,negative,212.0,181.0,0.18708940680010008,0.35369457197975124,212.0,181.0
Fgf8,Fgfr2,0.9675596185939124,0.040669196885886987,0.5397694711393419,-0.6131616325054374,0.45679396828625674,0.7441363862633916,0.9054269940245017,0.11880860139860369,0.040669196885886987,0.11880860139860369,inconsistent,positive,235.0,227.0,0.040669196885886987,0.11880860139860369,235.0,227.0
Fgf10,Fgfr2,0.19199100095241095,-1.3047118027985904,0.377675147008788,0.8821880057873331,0.48244968252892695,-0.7023680218941022,0.19734886139819252,1.2891416059802516,0.8821880057873331,0.7023680218941022,inconsistent,inconsistent,100.0,130.0,0.8821880057873331,0.7023680218941022,100.0,130.0
Vegfb,Flt1,0.2516165786343445,-1.146431685188652,0.003382948380761824,2.9306121678322246,0.05622934373488694,-1.9092539186698836,0.005544553845427945,2.773566315408783,1.146431685188652,1.9092539186698836,inconsistent,inconsistent,76.0,28.0,1.146431685188652,1.9092539186698836,76.0,28.0
Efna1,Epha1,0.5491420242627433,-0.5990462784542813,4.846418265101472e-07,5.032295358090283,0.4634701724202287,-0.7331447114293681,9.040634844862048e-08,5.345021446829136,0.5990462784542813,0.7331447114293681,inconsistent,inconsistent,141.5,123.0,0.5990462784542813,0.7331447114293681,141.5,123.0
Efna2,Epha2,0.0007426084129861862,-3.373345006561815,5.776251006406636e-08,-5.425592797202902,0.9938609992186266,0.007694172383816456,0.011750103869030026,-2.519561719315216,3.373345006561815,0.007694172383816456,negative,inconsistent,1.0,242.0,3.373345006561815,0.007694172383816456,1.0,242.0
Efna5,Epha5,0.3246957593282993,-0.9848540651285064,0.5415767352100935,0.6104304002893776,0.5841139789559948,-0.5473854067343707,0.20898300589229168,1.2563668193875333,0.6104304002893776,0.5473854067343707,inconsistent,inconsistent,139.5,152.0,0.6104304002893776,0.5473854067343707,139.5,152.0
Efnb3,Ephb3,0.9903531386317106,-0.01209084231742586,0.028789907144071366,2.186351388955914,0.17744025354239934,-1.3486785021346845,0.14433305737696206,1.4598436194839925,0.01209084231742586,1.3486785021346845,inconsistent,inconsistent,243.0,71.0,0.01209084231742586,1.3486785021346845,243.0,71.0
Efna5,Epha7,0.24980285703950056,-1.1508283551222613,0.2716280900412468,-1.0993209669640918,0.5074599395324092,-0.6627979924916176,0.5130279805125196,-0.6541301157463353,1.0993209669640918,0.6541301157463353,negative,negative,81.0,134.0,1.0993209669640918,0.6541301157463353,81.0,134.0
Efna1,Epha4,0.7012679335857295,-0.38360945170742045,0.02062829867155304,2.3147193031107274,0.052375970165830656,-1.9400306082051493,0.1258050705113755,1.5308556571015488,0.38360945170742045,1.5308556571015488,inconsistent,inconsistent,175.0,52.0,0.38360945170742045,1.5308556571015488,175.0,52.0
Efna5,Epha4,0.7045298607004367,-0.37921278177381107,0.23105512222997815,1.1976453267422464,0.1795689240870837,-1.3420834972342706,0.8773616701343063,0.15431462020738182,0.37921278177381107,0.15431462020738182,inconsistent,inconsistent,176.0,221.0,0.37921278177381107,0.15431462020738182,176.0,221.0
Efna1,Epha2,0.004779026018075241,-2.821562929893835,7.400821624417716e-05,-3.9630179455028496,0.9798309468463156,-0.025280852118254073,0.2980614753029057,-1.0405994743188047,2.821562929893835,0.025280852118254073,negative,negative,7.0,239.0,2.821562929893835,0.025280852118254073,7.0,239.0
Efna1,Epha5,0.09050917176714979,-1.6927179244396204,0.2704389788801641,1.1020521991801515,0.27265487886125384,-1.0969691484355462,0.05912247858144228,1.8872814612973599,1.1020521991801515,1.0969691484355462,inconsistent,inconsistent,80.0,93.0,1.1020521991801515,1.0969691484355462,80.0,93.0
Efnb2,Ephb4,0.4688500460459437,-0.7243513715621492,0.46502069063016194,0.7306046177960113,0.4769842488632101,0.711161361761321,0.01319016327625184,2.4785932360743184,0.7243513715621492,0.711161361761321,inconsistent,positive,123.0,128.0,0.7243513715621492,0.711161361761321,123.0,128.0
Angpt1,Tek,0.26504080804071684,-1.1145558281699839,0.14812463042391882,-1.4461874584036933,0.16741602482675566,-1.3805543591533527,0.09817606127384722,-1.6537611068242422,1.1145558281699839,1.3805543591533527,negative,negative,78.0,64.0,1.1145558281699839,1.3805543591533527,78.0,64.0
Gas6,Axl,0.6810075404047042,-0.41108863879247926,0.11223851392198622,1.5882115336388056,0.03454097794805909,-2.113699070582721,0.7753271617755662,-0.28541376657825485,0.41108863879247926,0.28541376657825485,inconsistent,negative,169.0,196.0,0.41108863879247926,0.28541376657825485,169.0,196.0
Gas6,Mertk,0.3518562237968125,-0.9309948584417912,0.7826598575778119,0.2758544538220454,0.07007462300746452,-1.8114280126470743,0.5325707389876624,-0.6240865613696769,0.2758544538220454,0.6240865613696769,inconsistent,negative,192.0,139.0,0.2758544538220454,0.6240865613696769,192.0,139.0
Dll1,Notch2,0.5977767208536675,0.5276003920331285,0.3623660115412687,-0.9108659440559617,0.3816080132024816,-0.8749373167882714,0.015351933161462382,-2.4239685917531215,0.5276003920331285,0.8749373167882714,inconsistent,negative,153.0,110.0,0.5276003920331285,0.8749373167882714,153.0,110.0
Dll3,Notch2,0.32254048109138955,0.9892507350621158,0.12246439046742062,-1.544511818181848,0.8759685577129392,-0.15608178264313383,0.011933684276101003,-2.5140992548830967,0.9892507350621158,0.15608178264313383,inconsistent,negative,91.0,220.0,0.9892507350621158,0.15608178264313383,91.0,220.0
Fgf17,Fgfr2,0.8941939613922374,0.13299926549168445,0.24852246785694176,1.1539456112852888,0.47562320594439345,0.7133596967281257,0.11223851392198622,1.5882115336388056,0.13299926549168445,0.7133596967281257,positive,positive,220.0,127.0,0.13299926549168445,0.7133596967281257,220.0,127.0
Fgf18,Fgfr2,0.5389281622840003,0.6144346232219141,0.00032356121567434724,-3.595667212442799,0.009638391350650744,2.5885394234125365,0.11726396962078603,-1.566361675910327,0.6144346232219141,1.566361675910327,inconsistent,inconsistent,138.0,47.0,0.6144346232219141,1.566361675910327,138.0,47.0
Fgf9,Fgfr3,0.2873313614735046,-1.0639941239334756,0.0002483572101136451,-3.663948017844296,0.17013784581117042,1.371761019286134,0.11285724905351988,-1.5854803014227459,1.0639941239334756,1.371761019286134,negative,inconsistent,85.0,65.0,1.0639941239334756,1.371761019286134,85.0,65.0
Bdnf,Ntrk2,0.14772795059239668,-1.4476035756408963,0.004761687727155194,2.82272849529786,0.02308776737199724,-2.271979188192659,0.027230247540971093,2.2082012466843928,1.4476035756408963,2.2082012466843928,inconsistent,inconsistent,54.5,13.0,1.4476035756408963,2.2082012466843928,54.5,13.0
Ntf3,Ntrk3,0.264569841544237,1.115654995653386,0.5561426895282272,-0.5885805425608988,0.10355308095622247,1.6278670429188817,0.9967311971182821,-0.004096848324089783,0.5885805425608988,0.004096848324089783,inconsistent,inconsistent,145.0,243.0,0.5885805425608988,0.004096848324089783,145.0,243.0
Efna4,Epha4,0.45812486993439194,-0.7419380512965869,0.38286549581498597,0.8726286930311237,0.1795689240870837,-1.3420834972342706,0.8259769234899108,0.21986419339281835,0.7419380512965869,0.21986419339281835,inconsistent,inconsistent,119.5,209.0,0.7419380512965869,0.21986419339281835,119.5,209.0
Efnb1,Ephb1,0.6498603733493334,-0.4539561706451709,0.15914581461638266,1.4079502073788552,0.002253710611179791,-3.0545864363751334,0.09652183697723937,-1.6619548034724219,0.4539561706451709,1.6619548034724219,inconsistent,negative,163.0,41.0,0.4539561706451709,1.6619548034724219,163.0,41.0
Efnb2,Ephb2,0.854357884404249,0.1835609697281926,4.846418265101472e-07,5.032295358090283,0.6980115034050727,0.3880061216410299,5.203878050081879e-07,5.018639197009984,0.1835609697281926,0.3880061216410299,positive,positive,213.0,178.0,0.1835609697281926,0.3880061216410299,213.0,178.0
Efna1,Epha7,0.3009881780668837,-1.0343166018816121,0.14889199503003148,1.4434562261876334,0.16979581568028035,-1.3728601867695363,0.26925344151326147,1.1047834313962115,1.0343166018816121,1.1047834313962115,inconsistent,inconsistent,88.0,91.0,1.0343166018816121,1.1047834313962115,88.0,91.0
Efna2,Epha7,0.2382362646372742,-1.1794067096907226,0.0006968263209736889,-3.3908247962383102,0.8526335191567967,0.1857593046949973,0.025383651828160464,-2.235513568844991,1.1794067096907226,0.1857593046949973,negative,inconsistent,73.0,216.0,1.1794067096907226,0.1857593046949973,73.0,216.0
Efna3,Epha7,0.21624920776217404,-1.2365634188276449,0.4149161651940918,-0.8152728164938667,0.13125867754263168,-1.5091569547114279,0.25416573155567956,-1.1402894502049894,0.8152728164938667,1.1402894502049894,negative,negative,112.0,87.0,0.8152728164938667,1.1402894502049894,112.0,87.0
Efna4,Epha7,0.06401186515145506,-1.8520972095329613,0.5095153170378476,-0.659592580178455,0.5159454753806006,-0.6496079826907893,0.8408975269025575,0.20074556788039935,0.659592580178455,0.20074556788039935,negative,inconsistent,131.0,212.0,0.659592580178455,0.20074556788039935,131.0,212.0
Efna4,Epha2,0.0008982901108028291,-3.320584967358502,1.012103859203035e-07,-5.324537205208688,0.9868454645154524,-0.016487512251035265,0.0302171103485309,-2.167232763443495,3.320584967358502,0.016487512251035265,negative,negative,2.0,240.0,3.320584967358502,0.016487512251035265,2.0,240.0
Efna2,Epha5,0.23173784026309263,-1.1958942219417579,0.9901938108064582,0.012290544972269347,0.6665602413145191,-0.4308736534937216,0.3587790768757302,0.9176940245961113,0.012290544972269347,0.4308736534937216,inconsistent,inconsistent,242.0,170.0,0.012290544972269347,0.4308736534937216,242.0,170.0
Efna3,Epha5,0.18064035140639645,-1.3387859947840635,0.5415767352100935,0.6104304002893776,0.19843400338691475,-1.2860259555807505,0.346051805531818,0.94227511454065,0.6104304002893776,0.94227511454065,inconsistent,inconsistent,139.5,104.0,0.6104304002893776,0.94227511454065,139.5,104.0
Efna4,Epha5,0.17428256688631472,-1.3585710094853058,0.6532241298968394,0.44928769954184616,0.5826049127045242,-0.5495837417011754,0.1945158426578214,1.297335302628431,0.44928769954184616,0.5495837417011754,inconsistent,inconsistent,165.0,151.0,0.44928769954184616,0.5495837417011754,165.0,151.0
Efnb2,Ephb1,0.3882218829735973,-0.8628464744708455,0.006283700674821592,2.732597832167885,0.11172319328665438,-1.5904953484832018,0.08506192639514155,1.7220419122257387,0.8628464744708455,1.5904953484832018,inconsistent,inconsistent,103.0,46.0,0.8628464744708455,1.5904953484832018,103.0,46.0
Efnb1,Ephb2,0.6785913368155125,0.4143861412426863,2.7248888108303664e-07,5.141544646732677,0.6850418190013408,-0.4055928013754675,5.4639731538882886e-06,4.546136023631629,0.4143861412426863,0.4055928013754675,positive,inconsistent,168.0,176.0,0.4143861412426863,0.4055928013754675,168.0,176.0
Efnb1,Ephb3,0.11024556817905073,-1.5970903533836158,0.020037537848478473,2.3256442319749664,0.04145445087322152,-2.0389556817113608,0.021855522391664498,2.2928694453822485,1.5970903533836158,2.0389556817113608,inconsistent,inconsistent,43.0,18.5,1.5970903533836158,2.0389556817113608,43.0,18.5
Efnb2,Ephb3,0.1049593091094236,-1.6212720380184675,0.002532949414889678,3.01937721485417,0.18975412932778046,-1.3113068076990047,3.7876750627315074e-05,4.120063797926291,1.6212720380184675,1.3113068076990047,inconsistent,inconsistent,42.0,74.0,1.6212720380184675,1.3113068076990047,42.0,74.0
Cxcl12,Ackr3,0.7366105309711231,0.33634524992111936,0.08310156261289603,-1.7329668410899781,0.5765869193872397,0.5583770815683943,0.11223851392198622,-1.5882115336388056,0.33634524992111936,0.5583770815683943,inconsistent,inconsistent,186.0,148.0,0.33634524992111936,0.5583770815683943,186.0,148.0
Apln,Aplnr,0.9728179883430189,-0.03407419198547288,0.31947654710909634,0.9955341427538171,0.03626763692602962,2.0939140558814784,0.001204232256563682,3.2378757921389583,0.03407419198547288,2.0939140558814784,inconsistent,positive,238.0,16.0,0.03407419198547288,2.0939140558814784,238.0,16.0
Pros1,Axl,0.3166616984678676,1.0013415773795418,0.35806437778728073,-0.9190596407041413,0.005082184613958744,-2.8017779151925923,2.0252577007458884e-05,-4.262087873161404,0.9190596407041413,2.8017779151925923,inconsistent,negative,96.0,4.0,0.9190596407041413,2.8017779151925923,96.0,4.0
Cxcl12,Cxcr4,0.9649309482665389,0.04396669933609404,0.13411224052515636,-1.4980808705088304,0.3345102274801742,0.9650690504272641,0.5933720467422778,-0.5339558982397017,0.04396669933609404,0.5339558982397017,inconsistent,inconsistent,233.0,154.0,0.04396669933609404,0.5339558982397017,233.0,154.0
Edn1,Ednra,0.13638945333798602,-1.4893719400101855,0.00011311044799291251,3.860596737400605,0.06690492127003869,-1.832312194831719,0.0017726466801539528,3.125895271280504,1.4893719400101855,1.832312194831719,inconsistent,inconsistent,50.0,33.0,1.4893719400101855,1.832312194831719,50.0,33.0
Edn3,Ednrb,0.20346665847923484,1.27173677829652,4.349699462429662e-06,4.593932587412676,0.597013882805896,-0.5286995595165308,0.005544553845427945,2.773566315408783,1.27173677829652,0.5286995595165308,positive,inconsistent,66.0,156.0,1.27173677829652,0.5286995595165308,66.0,156.0
Vegfa,Flt1,0.44885434060364104,-0.7573263960642198,0.0018739928701104473,3.109507877984145,0.40042461858115996,-0.8408631248027985,0.0010939140070182127,3.2651881142995567,0.7573263960642198,0.8408631248027985,inconsistent,inconsistent,116.0,114.0,0.7573263960642198,0.8408631248027985,116.0,114.0
Wnt5a,Fzd6,0.7843207856019867,-0.2736927033671854,0.9662323622932576,-0.042334099348927755,0.5713453436726307,-0.5660712539522107,0.7847584968466732,-0.2731232216059855,0.042334099348927755,0.2731232216059855,negative,negative,234.0,197.0,0.042334099348927755,0.2731232216059855,234.0,197.0
Vegfa,Kdr,0.7168101211488255,-0.3627252695227758,0.06308335737514552,-1.8586035230287314,0.4722299363177518,-0.7188555341451375,0.014672795013464156,-2.4403559850494805,0.3627252695227758,0.7188555341451375,negative,negative,178.0,126.0,0.3627252695227758,0.7188555341451375,178.0,126.0
Vegfc,Kdr,0.6023630185775066,-0.5210053871327144,0.0012813570308815839,-3.220122782734569,0.608502612501072,0.5122120472654955,0.024156424922314255,-2.2546321943574106,0.5210053871327144,0.5122120472654955,negative,inconsistent,155.0,159.0,0.5210053871327144,0.5122120472654955,155.0,159.0
Ngf,Ngfr,0.9412934830707538,0.07364422138795751,0.3573505751424444,-0.9204252568121711,0.9885992740274787,-0.014289177284230561,0.29616334497291985,-1.0446963226428945,0.07364422138795751,0.014289177284230561,inconsistent,negative,229.0,241.0,0.07364422138795751,0.014289177284230561,229.0,241.0
Prok2,Prokr1,0.38340490326771837,0.8716398143380643,0.20069208051049492,-1.2795822932240422,0.12519243890161724,-1.5333386393462796,0.000122295642981776,-3.841478111888186,0.8716398143380643,1.5333386393462796,inconsistent,negative,102.0,51.0,0.8716398143380643,1.5333386393462796,102.0,51.0
Tnfsf12,Tnfrsf12a,0.013067654455402991,-2.4819201775225084,0.00017209311467140392,3.7568099131903305,0.060768002237698945,-1.8751797266844106,0.00013664371712841458,3.814165789727588,2.4819201775225084,1.8751797266844106,inconsistent,inconsistent,15.0,31.0,2.4819201775225084,1.8751797266844106,15.0,31.0
Gas6,Tyro3,0.6923261385696722,-0.39570029402484636,0.11535911075759231,1.5745553725585064,0.03454097794805909,-2.113699070582721,0.7503419151612923,-0.3181885531709731,0.39570029402484636,0.3181885531709731,inconsistent,negative,173.5,190.0,0.39570029402484636,0.3181885531709731,173.5,190.0
Pros1,Tyro3,0.24709943462653328,1.1574233600226755,0.3623660115412687,0.9108659440559617,0.05264368896066338,-1.9378322732383446,0.018218347640608173,-2.3611502507837447,0.9108659440559617,1.9378322732383446,positive,negative,98.0,23.0,0.9108659440559617,1.9378322732383446,98.0,23.0
Penk,Oprl1,0.19049760963648288,-1.3091084727322,0.08555781630507688,1.7193106800096787,0.7641216849188042,0.3000727229688418,0.0001647355436612993,3.76773484205457,1.3091084727322,0.3000727229688418,inconsistent,positive,62.0,194.0,1.3091084727322,0.3000727229688418,62.0,194.0
Nrxn2,Nlgn2,0.022561910811264536,-2.2807725280598783,0.07038246512980906,-1.809441343139654,0.26740430315279684,-1.1090599907529721,0.5895982134499109,-0.5394183626718214,1.809441343139654,0.5394183626718214,negative,negative,36.0,153.0,1.809441343139654,0.5394183626718214,36.0,153.0
Nrxn1,Nlgn2,0.22368853882972395,-1.2167784041264025,0.10212401672386776,1.6346424813118232,0.8148897437666526,0.23412267396470074,0.01489617245461135,2.434893520617361,1.2167784041264025,0.23412267396470074,inconsistent,positive,70.5,205.5,1.2167784041264025,0.23412267396470074,70.5,205.5
Nrxn1,Nlgn2,0.22368853882972395,-1.2167784041264025,0.10212401672386776,1.6346424813118232,0.8148897437666526,0.23412267396470074,0.01489617245461135,2.434893520617361,1.2167784041264025,0.23412267396470074,inconsistent,positive,70.5,205.5,1.2167784041264025,0.23412267396470074,70.5,205.5
Nrxn3,Nlgn2,0.0740754339033791,-1.7861471605288202,2.0627222835328407e-05,-4.257991024837314,0.17603161647458299,-1.353075172068294,7.9258712816752e-05,-3.9466305522064906,1.7861471605288202,1.353075172068294,negative,negative,37.0,69.0,1.7861471605288202,1.353075172068294,37.0,69.0
Sema4d,Plxnb1,0.2399906991683124,-1.175010039757113,0.008568396539265045,2.6288110079576104,0.34171613174438864,-0.9507798731430336,0.010533696718427113,2.557798970340054,1.175010039757113,0.9507798731430336,inconsistent,inconsistent,74.0,103.0,1.175010039757113,0.9507798731430336,74.0,103.0
Wnt5b,Fzd6,0.732470486964192,-0.3418410873381311,0.42912390518425614,-0.7906917265493281,0.4449140831871855,-0.7639214009646339,0.2593203814870785,-1.1279989052327202,0.3418410873381311,0.7639214009646339,negative,negative,181.0,120.0,0.3418410873381311,0.7639214009646339,181.0,120.0
Wnt5b,Fzd3,0.00016532226886053646,3.7668469656198567,0.003002481016480485,-2.9674838027490327,0.005977412622341546,2.7490178759892796,3.3648458082199928e-06,-4.647191615625843,2.9674838027490327,2.7490178759892796,inconsistent,inconsistent,5.0,6.0,2.9674838027490327,2.7490178759892796,5.0,6.0
Nrxn2,Nlgn3,0.3361643730888907,0.9617715479770571,0.9814783955975762,0.02321547383650877,0.24087132328094418,-1.1728117047903084,0.14966239087461156,-1.4407249939715736,0.02321547383650877,1.1728117047903084,positive,negative,241.0,82.5,0.02321547383650877,1.1728117047903084,241.0,82.5
Nrxn1,Nlgn3,0.8388646158687859,-0.2033459844294349,0.04119161432452863,2.041596081504742,0.6092720176718875,0.5111128797820932,0.012693687160974599,2.492249397154618,0.2033459844294349,0.5111128797820932,inconsistent,positive,208.5,160.5,0.2033459844294349,0.5111128797820932,208.5,160.5
Nrxn1,Nlgn3,0.8388646158687859,-0.2033459844294349,0.04119161432452863,2.041596081504742,0.6092720176718875,0.5111128797820932,0.012693687160974599,2.492249397154618,0.2033459844294349,0.5111128797820932,inconsistent,positive,208.5,160.5,0.2033459844294349,0.5111128797820932,208.5,160.5
Nrxn3,Nlgn3,0.6100418552148934,-0.5100137122986909,2.9307020016291005e-05,-4.178785290571578,0.06416983478207403,-1.8509980420495589,2.0938328685032214e-06,-4.744150359295968,0.5100137122986909,1.8509980420495589,negative,negative,157.0,32.0,0.5100137122986909,1.8509980420495589,157.0,32.0
Dll1,Notch3,0.059123942854591216,1.8872705690018365,0.04228836455162129,-2.0306711526405024,0.03181923649618176,2.1466740950847916,0.246289886541872,-1.1594080757174086,1.8872705690018365,1.1594080757174086,inconsistent,inconsistent,31.0,84.0,1.8872705690018365,1.1594080757174086,31.0,84.0
Fn1,Sdc4,0.2105874411325177,-1.2519517635952777,0.00046038582004468163,-3.5028053170967643,0.15461389023262082,-1.4234218910060445,0.00011311044799291251,-3.860596737400605,1.2519517635952777,1.4234218910060445,negative,negative,68.0,59.0,1.2519517635952777,1.4234218910060445,68.0,59.0
Edn1,Ednrb,0.8474646796790557,0.19235430959541142,0.15277441041081308,1.4298000651073342,0.472907521478089,-0.7177563666617351,0.8132374518454761,0.23625158668917745,0.19235430959541142,0.23625158668917745,positive,inconsistent,210.5,204.0,0.19235430959541142,0.23625158668917745,210.5,204.0
Lrrc4b,Ptprf,0.01125500176216068,-2.534680216725821,0.11535911075759231,1.5745553725585064,0.10733666415315152,-1.610280363184444,0.003458045168920231,2.923784087292075,1.5745553725585064,1.610280363184444,inconsistent,inconsistent,44.0,44.0,1.5745553725585064,1.610280363184444,44.0,44.0
Efna3,Epha4,0.32631835581586255,-0.9815565626782994,0.3888505536936021,0.8617037641668843,0.1262788305989767,-1.52894196941267,0.7031981329169628,0.38100689414034977,0.8617037641668843,0.38100689414034977,inconsistent,inconsistent,104.0,179.0,0.8617037641668843,0.38100689414034977,104.0,179.0
Vegfd,Kdr,0.1270984315621988,-1.5256444669624631,0.157936106330419,-1.412047055702945,0.23130913136989084,1.19699338942516,0.26163442251633995,1.1225364408006004,1.412047055702945,1.1225364408006004,negative,positive,58.0,88.0,1.412047055702945,1.1225364408006004,58.0,88.0
Efna2,Epha4,0.5833592183851786,-0.5484845742177731,0.7544887730667225,0.3127260887388534,0.22452629430300886,-1.2145800691595978,0.9140879689519484,-0.10788367253436427,0.3127260887388534,0.10788367253436427,inconsistent,negative,189.0,230.0,0.3127260887388534,0.10788367253436427,189.0,230.0
Wnt5a,Fzd3,0.006829386717589245,2.7050511766531855,0.007777351789849322,2.6615857945503287,0.03766096531804557,2.0785257111138455,0.07123461812114891,1.8039788787075344,2.6615857945503287,1.8039788787075344,positive,positive,10.0,35.0,2.6615857945503287,1.8039788787075344,10.0,35.0
Efna5,Epha2,0.0010670590529454143,-3.2722215980887985,1.5370698641908278e-07,-5.248062703159012,0.8371468753336282,0.20554431939623963,0.050677965284544685,-1.9541966505908264,3.2722215980887985,0.20554431939623963,negative,inconsistent,3.0,210.0,3.2722215980887985,0.20554431939623963,3.0,210.0
Efna3,Epha2,0.0007021625537149538,-3.388733351329448,7.597695756166372e-08,-5.376430617313825,0.7927810239686867,-0.26270102853316185,0.012693687160974599,-2.492249397154618,3.388733351329448,0.26270102853316185,negative,negative,0.0,199.0,3.388733351329448,0.26270102853316185,0.0,199.0
Jag1,Notch3,0.003910226436329552,2.885314643931171,3.24477839137059e-05,4.15556981673507,0.3187912522326194,0.9969449074459323,0.011390442004274085,2.5304866481794557,2.885314643931171,0.9969449074459323,positive,positive,6.0,99.0,2.885314643931171,0.9969449074459323,6.0,99.0
Dlk1,Notch1,0.8474646796790557,0.19235430959541142,0.0003629919557533236,-3.5656236580661407,0.00020393868987000715,3.714086926416544,0.7297178523242585,-0.34550087533157164,0.19235430959541142,0.34550087533157164,inconsistent,inconsistent,210.5,182.0,0.19235430959541142,0.34550087533157164,210.5,182.0
Efnb1,Ephb4,0.8560829456223522,-0.1813626347613879,0.9597017996865698,-0.05052779599710732,0.6372531271056148,-0.4715428503796085,0.6394940457129326,-0.46840632505426516,0.05052779599710732,0.46840632505426516,negative,negative,232.0,166.0,0.05052779599710732,0.46840632505426516,232.0,166.0
Efnb3,Epha4,0.5728406214914636,-0.563872918985406,0.2299931284866492,1.2003765589583064,0.21706689369256993,-1.23436508386084,0.7379449921049971,0.33457594646733224,0.563872918985406,0.33457594646733224,inconsistent,inconsistent,151.0,186.5,0.563872918985406,0.33457594646733224,151.0,186.5
Dll3,Notch3,0.0347292947551995,2.111500735615916,0.0005419723679503512,-3.4591056016398065,0.011219739187664063,2.5357793842092238,0.01012721372575454,-2.5714551314203535,2.111500735615916,2.5357793842092238,inconsistent,inconsistent,24.0,10.0,2.111500735615916,2.5357793842092238,24.0,10.0
Dll3,Notch4,0.5131088081085083,0.6540046526243988,0.9792998465291071,-0.025946706052568623,0.060616993622405975,-1.876278894167813,0.0312733907987307,-2.153576602363196,0.025946706052568623,1.876278894167813,inconsistent,negative,240.0,30.0,0.025946706052568623,1.876278894167813,240.0,30.0
Sema4a,Plxnb1,0.14497949182314862,-1.4574960829915173,0.4973208646444731,0.678711205690874,0.6522355757015921,-0.45065866819496386,0.06269691801531099,1.8613347552447912,0.678711205690874,0.45065866819496386,inconsistent,inconsistent,127.0,168.0,0.678711205690874,0.45065866819496386,127.0,168.0
Sema4a,Plxnb2,0.20700482844257873,-1.2618442709458988,0.39337650710494565,0.8535100675187047,0.4122281115141463,0.8199789426181537,0.0030562660240147413,2.9620213383169127,0.8535100675187047,0.8199789426181537,inconsistent,positive,105.0,115.0,0.8535100675187047,0.8199789426181537,105.0,115.0
Sema4c,Plxnb2,0.24530857613627555,1.1618200299562849,2.878366322567133e-05,4.182882138895668,0.8234335526568429,-0.22313099913067724,0.001158926369920569,3.2488007210031977,1.1618200299562849,0.22313099913067724,positive,inconsistent,75.0,208.0,1.1618200299562849,0.22313099913067724,75.0,208.0
Sema4d,Plxnb2,0.47834742126019514,-0.7089630267945164,0.00019186194052152604,3.729497591029732,0.38701419495824996,0.8650448094376502,8.64051092594989e-07,4.920314837231829,0.7089630267945164,0.8650448094376502,inconsistent,positive,124.0,111.0,0.7089630267945164,0.8650448094376502,124.0,111.0
Pgf,Flt1,0.24441656937901335,-1.1640183649230895,0.9357828511974436,-0.08057135037376573,0.015411362772944942,-2.4225651334187814,0.22682798949110716,-1.208570255606486,0.08057135037376573,1.208570255606486,negative,negative,227.0,80.0,0.08057135037376573,1.208570255606486,227.0,80.0
Spp1,Cd44,0.7499095968524482,0.31875857018668174,0.9412146681488336,0.07374326983361609,0.8794352996309387,0.15168511270952442,0.8153573658260419,-0.23352035447311761,0.07374326983361609,0.15168511270952442,positive,inconsistent,228.0,224.0,0.07374326983361609,0.15168511270952442,228.0,224.0
Grn,Sort1,0.04278880328512845,-2.025765671910533,0.13697362940819788,1.4871559416445912,0.9342987681224508,0.08243756125517632,0.00041537493071740515,3.5301176392573628,1.4871559416445912,0.08243756125517632,inconsistent,positive,51.5,234.0,1.4871559416445912,0.08243756125517632,51.5,234.0
Efnb1,Epha4,0.42296198712666155,-0.8012930954003138,0.13199670418289036,1.5062745671570101,0.16640381924996994,-1.3838518616035598,0.5802123807936465,0.5530745237521206,0.8012930954003138,0.5530745237521206,inconsistent,inconsistent,113.5,150.0,0.8012930954003138,0.5530745237521206,113.5,150.0
Sema4g,Plxnb2,0.26082287645709323,1.124448335520605,0.00020694922133057342,3.710378965517313,0.6169897359188676,-0.5001212049480697,0.011569032768427885,2.525024183747336,1.124448335520605,0.5001212049480697,positive,inconsistent,77.0,163.0,1.124448335520605,0.5001212049480697,77.0,163.0
Efna2,Epha1,0.7725193561446235,-0.2890810481348183,0.00018571778344427252,3.7376912876779116,0.3569969928766181,0.9211023510911701,3.968004833347295e-06,4.613051212925095,0.2890810481348183,0.9211023510911701,inconsistent,positive,190.5,107.0,0.2890810481348183,0.9211023510911701,190.5,107.0
Col1a1,Cd44,0.7868562317593895,-0.27039520091697833,0.21956378195827642,1.2276888811189048,0.2516165786343445,-1.146431685188652,0.8698303881403202,0.16387393296359132,0.27039520091697833,0.16387393296359132,inconsistent,inconsistent,195.5,218.0,0.27039520091697833,0.16387393296359132,195.5,218.0
Efnb3,Ephb6,0.3547063926951324,-0.9254990210247794,0.0998528534295946,-1.6455674101760627,0.004996276269797754,-2.8072737526096043,0.0004441381969543773,-3.5123646298529736,0.9254990210247794,2.8072737526096043,negative,negative,95.0,3.0,0.9254990210247794,2.8072737526096043,95.0,3.0
Efnb3,Ephb4,0.2809073468858658,1.0782833012177062,0.6297615579542883,-0.4820624861345644,0.6753748680861058,0.4187828111762957,0.13697362940819788,-1.4871559416445912,0.4820624861345644,0.4187828111762957,inconsistent,inconsistent,160.0,173.0,0.4820624861345644,0.4187828111762957,160.0,173.0
Efnb3,Ephb1,0.14286901748232403,1.4651902553753338,0.2740170412027614,1.093858502531972,0.014636478709713291,-2.4412509806366214,0.0043339697759592535,-2.8527720496745186,1.093858502531972,2.4412509806366214,positive,negative,82.0,11.0,1.093858502531972,2.4412509806366214,82.0,11.0
Efnb3,Ephb2,0.002683651710826278,3.00182639717182,2.3553006267904665e-07,5.168856968893276,0.4514921440105256,0.7529297261306104,0.00029744271921786856,3.617517070171278,3.00182639717182,0.7529297261306104,positive,positive,4.0,122.0,3.00182639717182,0.7529297261306104,4.0,122.0
Cxcl5,Ackr1,0.16877281823611112,1.3761576892197434,0.39793422308761917,0.8453163708705251,0.03529951476115148,-2.104905730715502,0.012596400635079469,-2.4949806293706778,0.8453163708705251,2.104905730715502,positive,negative,107.0,15.0,0.8453163708705251,2.104905730715502,107.0,15.0
Efnb2,Epha4,0.46079318785022916,-0.7375413813629774,0.023985375077258727,2.25736342657347,0.2516165786343445,-1.146431685188652,0.1931105746033046,1.3014321509525208,0.7375413813629774,1.146431685188652,inconsistent,inconsistent,121.0,85.0,0.7375413813629774,1.146431685188652,121.0,85.0
Jag1,Notch4,0.9342987681224508,0.08243756125517632,7.44382208017722e-06,4.480586450446192,9.390846638593786e-06,-4.4307441255948765,0.9140879689519484,0.10788367253436427,0.08243756125517632,0.10788367253436427,positive,inconsistent,226.0,230.0,0.08243756125517632,0.10788367253436427,226.0,230.0
Sema6a,Plxna2,0.0830268850895748,-1.7333871213255074,0.6220214797052499,-0.49298741499880383,0.008366680351886471,-2.63690279268224,0.1575344218693312,-1.413412671810975,0.49298741499880383,1.413412671810975,negative,negative,158.0,60.0,0.49298741499880383,1.413412671810975,158.0,60.0
Thbs1,Cd47,0.013517752574573109,-2.4698293352050826,0.04940016754747656,-1.9651215794550658,0.9570473378124748,0.0538592066867152,0.7462022586052443,0.32365101760309284,1.9651215794550658,0.0538592066867152,negative,positive,27.0,235.0,1.9651215794550658,0.0538592066867152,27.0,235.0
Thbs1,Sdc1,0.002156578851218149,-3.0677764461759613,0.02201330579323637,-2.2901382131661885,0.7708376540623658,-0.291279383101623,0.8494496823334766,0.18982063901615992,2.2901382131661885,0.18982063901615992,negative,inconsistent,21.0,215.0,2.2901382131661885,0.18982063901615992,21.0,215.0
Thbs1,Sdc4,0.011361380691661501,-2.531382714275614,0.005733572332103062,-2.7626413865445434,0.7574234133366573,-0.3088660628360606,0.55981381459467,-0.583118078128779,2.531382714275614,0.3088660628360606,negative,negative,13.0,192.0,2.531382714275614,0.3088660628360606,13.0,192.0
Wnt5a,Fzd1,0.46213059827921166,-0.7353430463961728,0.012026424591218022,2.5113680226670367,0.5743377539776213,0.5616745840186014,9.998005202191884e-05,3.8906402917772636,0.7353430463961728,0.5616745840186014,inconsistent,positive,122.0,147.0,0.7353430463961728,0.5616745840186014,122.0,147.0
Wnt5a,Fzd9,0.6818136710228354,-0.40998947130907687,0.30252198666409136,1.0310401615625953,0.8751022412739966,0.15718095012653618,0.20750214652984866,1.2604636677116232,0.40998947130907687,0.15718095012653618,inconsistent,positive,170.0,219.0,0.40998947130907687,0.15718095012653618,170.0,219.0
Wnt5a,Fzd7,0.5374768504811207,0.6166329581887189,0.051001706068084164,1.9514654183747664,0.030613363662573428,-2.1620624398524244,0.22787956564464062,-1.205839023390426,0.6166329581887189,1.205839023390426,positive,negative,137.0,81.0,0.6166329581887189,1.205839023390426,137.0,81.0
Wnt5a,Fzd8,0.004779026018075241,2.821562929893835,0.00829706476561102,2.63973593682185,0.28882779586913065,1.0606966214832687,0.42277474018370764,0.8016166554135674,2.63973593682185,0.8016166554135674,positive,positive,11.0,118.0,2.63973593682185,0.8016166554135674,11.0,118.0
Fgf10,Fgfr1,0.04123552068369878,-2.0411540166781657,0.017623218084958182,2.373440795756014,0.17393431966434614,-1.359670176968708,0.005338644032026073,2.785856860381052,2.0411540166781657,1.359670176968708,inconsistent,inconsistent,26.0,68.0,2.0411540166781657,1.359670176968708,26.0,68.0
Sema3c,Plxnd1,0.5698519254407579,-0.5682695889190155,0.08358818868782107,1.7302356088739181,0.0007426084129861862,3.373345006561815,8.972722336718612e-08,5.346387062937167,0.5682695889190155,3.373345006561815,inconsistent,positive,149.0,0.0,0.5682695889190155,3.373345006561815,149.0,0.0
Fgf18,Fgfr1,0.3668356572779711,-0.9024165038733301,0.8730566759628235,0.15977708463950152,0.0033974675416063656,2.9292813432672653,0.00014599875834183577,3.7977783964312284,0.15977708463950152,2.9292813432672653,inconsistent,positive,217.0,1.0,0.15977708463950152,2.9292813432672653,217.0,1.0
Fgf18,Fgfr3,0.6826201650032194,-0.40889030382567454,0.0001389280452951815,-3.810068941403498,0.5528128364493818,-0.5935504410372695,1.916712611942835e-05,-4.274378418133673,0.40889030382567454,0.5935504410372695,negative,negative,171.0,141.0,0.40889030382567454,0.5935504410372695,171.0,141.0
Fgf15,Fgfr2,0.7507433092214311,0.3176594027032794,7.945464224921621e-07,-4.936702230528188,0.3942946867716254,0.851854799636822,1.4808940433112683e-06,-4.813796780805495,0.3176594027032794,0.851854799636822,inconsistent,inconsistent,188.0,113.0,0.3176594027032794,0.851854799636822,188.0,113.0
Fgf15,Fgfr1,0.9133471791182088,0.10881758085683274,0.03042587920544295,-2.164501531227435,0.08864099656250697,1.7026104317902415,0.6104895307549797,-0.509374808295163,0.10881758085683274,0.509374808295163,inconsistent,inconsistent,222.0,162.0,0.10881758085683274,0.509374808295163,222.0,162.0
Fgf15,Fgfr3,0.7143480833276772,-0.36602277197298283,3.789407907201165e-06,-4.622610525681305,0.14803577650786473,-1.4465044081574938,3.3934649486532856e-08,-5.519820308656967,0.36602277197298283,1.4465044081574938,negative,negative,177.0,57.0,0.36602277197298283,1.4465044081574938,177.0,57.0
Col1a2,Cd44,0.42296198712666155,0.8012930954003138,0.12513131574355058,-1.5335868893176086,0.3882218829735973,0.8628464744708455,0.11285724905351988,-1.5854803014227459,0.8012930954003138,0.8628464744708455,inconsistent,inconsistent,113.5,112.0,0.8012930954003138,0.8628464744708455,113.5,112.0
Fgf8,Fgfr1,0.2908311981068926,-1.0562999515496592,2.4309213542881956e-05,4.221119389920506,0.5004450449005241,0.6737896673256412,5.829268708120542e-07,4.996789339281505,1.0562999515496592,0.6737896673256412,inconsistent,positive,87.0,131.0,1.0562999515496592,0.6737896673256412,87.0,131.0
Fgf8,Fgfr3,0.5848691937788706,-0.5462862392509684,0.030635885907507817,-2.1617702990113754,0.1653962220983647,-1.3871493640537669,0.00028664851734625153,-3.6270763829274877,0.5462862392509684,1.3871493640537669,negative,negative,152.0,63.0,0.5462862392509684,1.3871493640537669,152.0,63.0
Sema6d,Plxna1,0.13210325745597404,1.5058594522612208,0.007590107488699341,-2.669779491198508,0.012552849120779221,2.496209354806739,0.031488406672978,-2.150845370147136,1.5058594522612208,2.150845370147136,inconsistent,inconsistent,47.0,14.0,1.5058594522612208,2.150845370147136,47.0,14.0
Efna5,Ephb2,0.060616993622405975,1.876278894167813,0.004601921141863358,2.8336534241620996,0.24087132328094418,1.1728117047903084,0.0372909319999522,2.0825645647456397,1.876278894167813,1.1728117047903084,positive,positive,32.0,82.5,1.876278894167813,1.1728117047903084,32.0,82.5
Fgf3,Fgfr1,0.01939091928631815,-2.3379292371968003,9.930913690438399e-07,4.89300251507123,0.009824540617247584,-2.5819444185121223,1.9049999918730972e-05,4.275744034241703,2.3379292371968003,2.5819444185121223,inconsistent,inconsistent,18.0,7.0,2.3379292371968003,2.5819444185121223,18.0,7.0
Ptn,Sdc1,0.00011174015736496657,-3.8635737041592635,0.012693687160974599,-2.492249397154618,0.06789287249920448,-1.825717189931305,0.7524144508946973,-0.31545732095491325,2.492249397154618,0.31545732095491325,negative,negative,14.0,191.0,2.492249397154618,0.31545732095491325,14.0,191.0
Ptn,Sdc3,0.3798162998830331,-0.8782348192384783,0.057131522558039896,-1.902303238485689,0.8785683947711892,-0.15278428019292678,0.22162201670825643,-1.222226416686785,0.8782348192384783,0.15278428019292678,negative,negative,101.0,223.0,0.8782348192384783,0.15278428019292678,101.0,223.0
Ptn,Ptprz1,0.04123552068369878,-2.0411540166781657,0.3495579674167596,0.9354470340005003,0.00040283407332861133,-3.5382201290721675,0.2236940389311627,-1.2167639522546654,0.9354470340005003,1.2167639522546654,inconsistent,negative,94.0,79.0,0.9354470340005003,1.2167639522546654,94.0,79.0
Fn1,Cd44,0.22035987639841192,-1.2255717439936213,0.004115642728035966,-2.8691594429708775,0.35299454649620066,-0.9287965234749865,0.002721794287433557,-2.997527357125691,1.2255717439936213,0.9287965234749865,negative,negative,69.0,105.0,1.2255717439936213,0.9287965234749865,69.0,105.0
Fgf17,Fgfr1,0.45812486993439194,-0.7419380512965869,4.3232258677035334e-07,5.054145215818762,0.6818136710228354,0.40998947130907687,2.5027552257019386e-08,5.573079336870134,0.7419380512965869,0.40998947130907687,inconsistent,positive,119.5,175.0,0.7419380512965869,0.40998947130907687,119.5,175.0
Dll1,Notch4,0.4204217522606791,-0.8056897653339232,0.5579767835295797,0.5858493103448389,0.0007250165231838451,-3.379940011462229,0.0911682503226268,-1.6892671256330203,0.5858493103448389,1.6892671256330203,inconsistent,negative,148.0,37.0,0.5858493103448389,1.6892671256330203,148.0,37.0
Fgf9,Fgfr2,0.22789973369763816,-1.205786729292379,0.0012813570308815839,-3.220122782734569,0.0010837738283659803,3.267824928155189,0.6424260352952442,0.46430947673017536,1.205786729292379,0.46430947673017536,negative,positive,72.0,167.0,1.205786729292379,0.46430947673017536,72.0,167.0
Fgf9,Fgfr1,0.2003587593241034,-1.2805301181637387,0.019964741105960655,-2.3270098480829966,0.00015135824789600793,3.7888303152879037,0.005662019815763076,2.766738234868633,1.2805301181637387,2.766738234868633,negative,positive,64.5,5.0,1.2805301181637387,2.766738234868633,64.5,5.0
Mdk,Lrp1,0.4541386940134715,-0.748533056197001,0.14889199503003148,-1.4434562261876334,0.068558148978825,-1.8213205199976954,0.004523872380667729,-2.839115888594219,0.748533056197001,1.8213205199976954,negative,negative,118.0,34.0,0.748533056197001,1.8213205199976954,118.0,34.0
Dlk1,Notch2,0.6923261385696722,0.39570029402484636,0.1949859287352652,-1.2959696865204013,0.520929146792011,-0.6419138103069729,0.013291494039617881,-2.475862003858259,0.39570029402484636,0.6419138103069729,inconsistent,negative,173.5,138.0,0.39570029402484636,0.6419138103069729,173.5,138.0
Dlk1,Notch3,0.0810930598793765,1.744378796159531,0.0005935943846738559,-3.4345245116952676,0.0019160213434380338,3.102949805644837,0.09543146260306418,-1.6674172679045416,1.744378796159531,1.6674172679045416,inconsistent,inconsistent,39.0,40.0,1.744378796159531,1.6674172679045416,39.0,40.0
Efna3,Epha1,0.7357819058247336,-0.33744441740452175,1.4521038685567293e-05,4.33583114299502,0.367419618748844,-0.9013173363899277,2.5958799386349125e-06,4.700450643839011,0.33744441740452175,0.9013173363899277,inconsistent,inconsistent,183.0,109.0,0.33744441740452175,0.9013173363899277,183.0,109.0
Efna5,Epha1,0.9308032778247037,-0.08683423118878572,2.7201742429252994e-06,4.690891331082801,0.44951297025648373,0.7562272285808175,6.677249003108485e-08,5.399646091150333,0.08683423118878572,0.7562272285808175,inconsistent,positive,224.0,121.0,0.08683423118878572,0.7562272285808175,224.0,121.0
Efna4,Epha1,0.5550210854553077,-0.5902529385870624,8.285971601831879e-07,4.9285085338800085,0.4790298049932864,0.707863859311114,1.197500690810291e-08,5.700081634916917,0.5902529385870624,0.707863859311114,inconsistent,positive,144.0,129.0,0.5902529385870624,0.707863859311114,144.0,129.0
Ntf3,Ntrk2,0.9325508603826159,-0.08463589622198102,0.42594241963960056,-0.7961541909814478,0.5594504744348127,-0.5836579336866483,0.16992520198913064,-1.372444188570077,0.08463589622198102,0.5836579336866483,negative,negative,225.0,142.0,0.08463589622198102,0.5836579336866483,225.0,142.0
Edn3,Ednra,0.5159454753806006,-0.6496079826907893,1.9754634909814794e-07,5.201631755485994,0.02044148421030736,-2.318144222495558,3.655226610088943e-05,4.128257494574471,0.6496079826907893,2.318144222495558,inconsistent,inconsistent,132.0,12.0,0.6496079826907893,2.318144222495558,132.0,12.0
Fgf17,Fgfr3,0.5579721071073745,-0.5858562686534531,0.08605604030757845,-1.716579447793619,0.17082345473811777,-1.3695626843193291,0.0028335886158978242,-2.9852368121534214,0.5858562686534531,1.3695626843193291,negative,negative,146.5,66.0,0.5858562686534531,1.3695626843193291,146.5,66.0
Mdk,Sdc4,0.15397799472661947,-1.4256202259728492,7.191909233194634e-05,-3.9698460260429993,0.47020039347814135,-0.7221530365953446,0.0007927357726789743,-3.355318777429532,1.4256202259728492,0.7221530365953446,negative,negative,57.0,124.0,1.4256202259728492,0.7221530365953446,57.0,124.0
Mdk,Sdc1,0.00915727409463964,-2.6061261031469742,0.0002255542255097166,-3.6885291077888342,0.10638065368758691,-1.6146770331180536,0.005271557809096705,-2.789953708705142,2.6061261031469742,1.6146770331180536,negative,negative,12.0,43.0,2.6061261031469742,1.6146770331180536,12.0,43.0
Mdk,Ptprz1,0.07623580741074498,-1.772957150727992,0.2874125382775199,1.0638149481553136,0.0004095945645184681,-3.533823459138558,0.1733496513208994,-1.3615192597058376,1.0638149481553136,1.3615192597058376,inconsistent,negative,86.0,67.0,1.0638149481553136,1.3615192597058376,86.0,67.0
Ncam1,Fgfr1,0.5579721071073745,0.5858562686534531,0.014784111939569406,2.4376247528334205,0.28882779586913065,1.0606966214832687,0.007968724385831624,2.6533920979021492,0.5858562686534531,1.0606966214832687,positive,positive,146.5,94.0,0.5858562686534531,1.0606966214832687,146.5,94.0
Wnt5a,Fzd10,0.7944760378552684,0.2605026935663572,0.05821047146913444,1.8941095418375096,0.05184394704612121,1.9444272781387588,0.00034454239815786387,3.57927981914644,0.2605026935663572,1.9444272781387588,positive,positive,199.0,22.0,0.2605026935663572,1.9444272781387588,199.0,22.0
Wnt5b,Fzd1,0.3187912522326194,-0.9969449074459323,0.7358853486794164,-0.3373071786833921,0.7374394625166354,0.33524608243771703,0.2704389788801641,1.1020521991801515,0.3373071786833921,0.33524608243771703,negative,positive,184.5,184.5,0.3373071786833921,0.33524608243771703,184.5,184.5
Wnt5b,Fzd10,0.8354299107929302,0.20774265436304432,0.051983336328558366,-1.943271721726587,0.0027821603083252005,2.9908347223377967,0.6690604497760566,0.4274378418133673,0.20774265436304432,0.4274378418133673,inconsistent,positive,207.0,171.0,0.20774265436304432,0.4274378418133673,207.0,171.0
Wnt5b,Fzd2,0.19958722783734206,1.2827284531305436,0.002465278656832485,-3.0275709115023495,0.8560829456223522,-0.1813626347613879,0.00024311044831570923,-3.6694104822764153,1.2827284531305436,0.1813626347613879,inconsistent,negative,63.0,217.0,1.2827284531305436,0.1813626347613879,63.0,217.0
Wnt5b,Fzd4,0.0665782461923638,1.8345105297985236,0.005638348582670505,-2.7681038509766633,0.055105019092045446,1.9180472585371025,0.010784494575611122,-2.5496052736918746,1.8345105297985236,1.9180472585371025,inconsistent,inconsistent,34.0,26.5,1.8345105297985236,1.9180472585371025,34.0,26.5
Wnt5b,Fzd5,0.5324127699031036,-0.6243271305725353,0.019604209947401155,-2.3338379286231463,0.44034214777590697,-0.7716155733484503,0.011040586853519187,-2.541411577043695,0.6243271305725353,0.7716155733484503,negative,negative,135.5,119.0,0.6243271305725353,0.7716155733484503,135.5,119.0
Wnt5b,Fzd7,0.7725193561446235,0.2890810481348183,0.13340416745147093,-1.5008121027248904,0.010804178162795669,-2.5489693940100517,5.263909493168347e-05,-4.0435892958766155,0.2890810481348183,2.5489693940100517,inconsistent,negative,190.5,9.0,0.2890810481348183,2.5489693940100517,190.5,9.0
Wnt5b,Fzd8,0.000919748089072752,3.313989962458088,0.20750214652984866,-1.2604636677116232,0.14772795059239668,1.4476035756408963,0.0018396340542089632,-3.1149703424162647,1.2604636677116232,1.4476035756408963,inconsistent,inconsistent,67.0,56.0,1.2604636677116232,1.4476035756408963,67.0,56.0
Wnt5b,Fzd9,0.638823401066821,0.46934451541280386,9.972532854024991e-06,-4.417768109476816,0.560930739836023,0.5814595987198437,3.056358371678079e-05,-4.169225977815369,0.46934451541280386,0.5814595987198437,inconsistent,inconsistent,162.0,143.0,0.46934451541280386,0.5814595987198437,162.0,143.0
Mif,Ackr3,0.00719967555566981,2.687464496918748,0.00018571778344427252,-3.7376912876779116,0.32093016080985315,0.9925482375123229,1.4808940433112683e-06,-4.813796780805495,2.687464496918748,0.9925482375123229,inconsistent,inconsistent,9.0,100.0,2.687464496918748,0.9925482375123229,9.0,100.0
Retn,Cap1,0.020203829199769405,2.3225408924291675,0.021855522391664498,-2.2928694453822485,0.5088690887171735,-0.6605996575248129,8.437930200807649e-05,-3.9316087750181614,2.2928694453822485,0.6605996575248129,inconsistent,negative,20.0,132.0,2.2928694453822485,0.6605996575248129,20.0,132.0
Nampt,Insr,0.1422703764964295,1.4673885903421384,0.49386550642801175,0.6841736701229937,0.29893810687313294,1.0387132718152217,0.7441351654824506,0.3263822498191527,0.6841736701229937,0.3263822498191527,positive,positive,126.0,189.0,0.6841736701229937,0.3263822498191527,126.0,189.0
Angptl4,Cdh11,0.5491420242627433,-0.5990462784542813,0.0008746983963377402,3.3280064552689335,0.09412429531709122,1.6740320772217805,9.136017071833706e-07,4.909389908367589,0.5990462784542813,1.6740320772217805,inconsistent,positive,141.5,39.0,0.5990462784542813,1.6740320772217805,141.5,39.0
Angptl4,Sdc1,0.2809073468858658,-1.0782833012177062,0.7297178523242585,0.34550087533157164,0.6309883591870431,-0.48033619024682733,0.37693722424704956,0.8835536218953631,0.34550087533157164,0.48033619024682733,inconsistent,inconsistent,180.0,165.0,0.34550087533157164,0.48033619024682733,180.0,165.0
Angptl4,Sdc2,0.10448889173500912,1.6234703729852724,0.0018567404480330798,3.1122391102002047,0.5102802857814177,0.6584013225580082,0.006658074657330679,2.713479206655466,1.6234703729852724,0.6584013225580082,positive,positive,41.0,133.0,1.6234703729852724,0.6584013225580082,41.0,133.0
Angptl4,Sdc3,0.6866580569093418,-0.4033944664086628,0.39035567059518494,-0.8589725319508245,0.9587989154276806,-0.051660871719910496,0.6297615579542883,-0.4820624861345644,0.4033944664086628,0.051660871719910496,negative,negative,172.0,236.0,0.4033944664086628,0.051660871719910496,172.0,236.0
Angptl4,Sdc4,0.13581183556834728,-1.4915702749769901,0.06995953517180296,-1.8121725753557139,0.9116037257456431,-0.11101591582363744,0.6104895307549797,-0.509374808295163,1.4915702749769901,0.11101591582363744,negative,negative,49.0,228.0,1.4915702749769901,0.11101591582363744,49.0,228.0
Mdk,Sdc2,0.005329877470036651,2.7863895704249595,0.0029495608215070373,2.972946267181152,0.2042490883697562,1.2695384433297152,0.1285283865762638,1.5199307282373093,2.7863895704249595,1.2695384433297152,positive,positive,8.0,76.0,2.7863895704249595,1.2695384433297152,8.0,76.0
Mdk,Ncl,0.00022824639946994522,3.6855085718480827,0.09543146260306418,1.6674172679045416,0.07336652763705115,1.7905438304624297,0.30897079020252927,-1.017384000482296,1.6674172679045416,1.017384000482296,positive,inconsistent,40.0,98.0,1.6674172679045416,1.017384000482296,40.0,98.0
Ptn,Sdc2,0.06690492127003869,1.832312194831719,0.0006762814352406325,3.3990184928864897,0.30511635509336743,1.0255232620143935,0.00267341372540563,3.0029898215578106,1.832312194831719,1.0255232620143935,positive,positive,35.0,97.0,1.832312194831719,1.0255232620143935,35.0,97.0
Ptn,Sdc4,0.06625288589887916,-1.8367088647653285,0.0006830663215476651,-3.3962872606704297,0.5668706872959928,-0.5726662588526248,0.043693948860547525,-2.017014991560203,1.8367088647653285,0.5726662588526248,negative,negative,33.0,144.5,1.8367088647653285,0.5726662588526248,33.0,144.5
Ptn,Ncl,0.01732685043895629,-2.3796976015660896,6.38082033377534e-06,4.513361237038911,0.8440224138432529,0.19675097952902082,1.2669130731384223e-07,5.283568721967789,2.3796976015660896,0.19675097952902082,inconsistent,positive,16.0,213.0,2.3796976015660896,0.19675097952902082,16.0,213.0
Pomc,Oprl1,0.14772795059239668,-1.4476035756408963,0.10155240722235576,1.6373737135278832,0.2702595726683893,1.102464985852558,4.6831526103252074e-05,4.070901618037214,1.4476035756408963,1.102464985852558,inconsistent,positive,54.5,92.0,1.4476035756408963,1.102464985852558,54.5,92.0
Enho,Gpr19,0.38101020000995234,0.8760364842716737,0.8666062656098943,-0.1679707812876811,0.5216431182031644,0.6408146428235706,0.7900119149142166,-0.26629514106583585,0.1679707812876811,0.26629514106583585,inconsistent,inconsistent,215.0,198.0,0.1679707812876811,0.26629514106583585,215.0,198.0
Col2a1,Cd44,0.2702595726683893,-1.102464985852558,0.029598173445786084,-2.1754264600916744,0.5954895369097317,-0.5308978944833355,0.0911682503226268,-1.6892671256330203,1.102464985852558,0.5308978944833355,negative,negative,79.0,155.0,1.102464985852558,0.5308978944833355,79.0,155.0
Col4a1,Cd44,0.8803023490394677,-0.15058594522612206,0.06544354199603832,-1.8422161297323723,0.6641641571363781,-0.43417115594392863,0.027040513152067677,-2.2109324789004527,0.15058594522612206,0.43417115594392863,negative,negative,218.0,169.0,0.15058594522612206,0.43417115594392863,218.0,169.0
Col4a2,Cd44,0.5173668535311761,-0.6474096477239847,0.37841395930390453,-0.8808223896793033,0.5713453436726307,-0.5660712539522107,0.44850070843226975,-0.7579169399566098,0.6474096477239847,0.5660712539522107,negative,negative,133.0,146.0,0.6474096477239847,0.5660712539522107,133.0,146.0
Col4a5,Cd44,0.6641641571363781,0.43417115594392863,0.27823216442976995,1.0842991897757626,0.0025510901983736077,-3.0172147419394535,0.0516543847798291,-1.9460029539426467,0.43417115594392863,1.9460029539426467,positive,negative,167.0,21.0,0.43417115594392863,1.9460029539426467,167.0,21.0
Col4a6,Cd44,0.5324127699031036,-0.6243271305725353,0.20848853772449227,-1.2577324354955632,0.04824500584511121,-1.9752039676740245,0.004352629429860672,-2.851406433566489,0.6243271305725353,1.9752039676740245,negative,negative,135.5,20.0,0.6243271305725353,1.9752039676740245,135.5,20.0
Col6a1,Cd44,0.9124753997722665,0.1099167483402351,0.007168829537867007,-2.688898116710927,0.1770873097507607,-1.349777669618087,5.644456094940002e-05,-4.027201902580257,0.1099167483402351,1.349777669618087,inconsistent,negative,221.0,70.0,0.1099167483402351,1.349777669618087,221.0,70.0
Col9a1,Cd44,0.785165681445668,-0.27259353588378304,0.5616537737013692,-0.5803868459127192,0.1527121698531354,-1.4300168959064585,0.0676705526981217,-1.827194352544043,0.27259353588378304,1.4300168959064585,negative,negative,194.0,58.0,0.27259353588378304,1.4300168959064585,194.0,58.0
Lama1,Cd44,0.13523610868813518,1.4937686099437948,0.0302171103485309,-2.167232763443495,0.5389281622840003,-0.6144346232219141,0.0001576746754027974,-3.7786597709188094,1.4937686099437948,0.6144346232219141,inconsistent,negative,48.0,140.0,1.4937686099437948,0.6144346232219141,48.0,140.0
Lama5,Cd44,0.03607222209330279,2.0961123908482833,0.02364642421442158,-2.26282589100559,0.5788402298833493,0.5550795791181872,3.093190188970081e-05,-4.166494745599309,2.0961123908482833,0.5550795791181872,inconsistent,inconsistent,25.0,149.0,2.0961123908482833,0.5550795791181872,25.0,149.0
Lamb1,Cd44,0.8200134565588335,0.22752766906428665,0.3681516415016064,0.8999410151917222,0.3187912522326194,-0.9969449074459323,0.9162548485522128,-0.10515244031830442,0.22752766906428665,0.10515244031830442,positive,negative,202.0,232.0,0.22752766906428665,0.10515244031830442,202.0,232.0
Lamb2,Cd44,0.8302837525135215,-0.21433765926345844,0.009393196425629202,2.597401837472922,0.06369688921264552,-1.854295544499766,0.21956378195827642,1.2276888811189048,0.21433765926345844,1.2276888811189048,inconsistent,inconsistent,206.0,78.0,0.21433765926345844,1.2276888811189048,206.0,78.0
Lamc1,Cd44,0.2003587593241034,-1.2805301181637387,0.015008980684199598,-2.432162288401301,0.04145445087322152,-2.0389556817113608,0.002602315209641396,-3.01118351820599,1.2805301181637387,2.0389556817113608,negative,negative,64.5,18.5,1.2805301181637387,2.0389556817113608,64.5,18.5
Col1a1,Sdc1,0.9701886414671089,0.037371694435679934,0.06665066423526446,1.8340224330841928,0.36276414471178264,-0.9101106762571466,0.5971569032717993,0.528493433807582,0.037371694435679934,0.528493433807582,positive,inconsistent,236.0,157.0,0.037371694435679934,0.528493433807582,236.0,157.0
Col1a2,Sdc1,0.14407209672698712,1.4607935854417244,0.821725162902345,0.22532665782493805,0.2589632234307657,1.1288450054542143,0.7194776152007569,-0.35915703641187097,0.22532665782493805,0.35915703641187097,positive,inconsistent,203.0,180.0,0.22532665782493805,0.35915703641187097,203.0,180.0
Col2a1,Sdc1,0.0034702590598132276,-2.922686338366851,0.3115755712299455,-1.0119215360501763,0.16506137873579063,-1.3882485315371693,0.9989103963300876,0.0013656161080299275,1.0119215360501763,0.0013656161080299275,negative,inconsistent,89.0,244.0,1.0119215360501763,0.0013656161080299275,89.0,244.0
Col4a1,Sdc1,0.17323938506881553,-1.3618685119355127,0.020929333196151836,-2.3092568386786074,0.2948659843926479,-1.0475066116824405,0.06746555426431655,-1.828559968652073,1.3618685119355127,1.0475066116824405,negative,negative,59.0,96.0,1.3618685119355127,1.0475066116824405,59.0,96.0
Col4a2,Sdc1,0.40536955553928555,-0.8320697849355796,0.12246439046742062,1.544511818181848,0.9011522306025178,-0.12420592562446565,0.03582113594487854,2.0989519580419986,0.8320697849355796,0.12420592562446565,inconsistent,inconsistent,109.0,226.0,0.8320697849355796,0.12420592562446565,109.0,226.0
Col4a5,Sdc1,0.9535448131466128,-0.058255876620324595,0.17902398632209293,1.3437662503014487,0.0015186380145729794,-3.1710981896157824,0.18848022422625943,-1.3150883120328203,0.058255876620324595,1.3150883120328203,inconsistent,negative,231.0,72.0,0.058255876620324595,1.3150883120328203,231.0,72.0
Col4a6,Sdc1,0.49140313186035756,-0.6880788446098717,0.6239526289390807,-0.49025618278274397,0.04080059747295444,-2.045550686611775,0.019390631864656033,-2.337934776947236,0.49025618278274397,2.045550686611775,negative,negative,159.0,17.0,0.49025618278274397,2.045550686611775,159.0,17.0
Col6a1,Sdc1,0.926435799105057,-0.09233006860579748,0.004802405908556572,-2.8199972630818,0.14558684982426975,-1.4552977480247127,4.46831403422101e-05,-4.081826546901453,0.09233006860579748,1.4552977480247127,negative,negative,223.0,55.0,0.09233006860579748,1.4552977480247127,223.0,55.0
Col9a1,Sdc1,0.6955728203751289,-0.3913036240912369,0.7358853486794164,-0.3373071786833921,0.07826103356473808,-1.7608663084105662,0.12213417132378483,-1.545877434289878,0.3373071786833921,1.545877434289878,negative,negative,184.5,48.0,0.3373071786833921,1.545877434289878,184.5,48.0
Fn1,Sdc1,0.018063726586258263,-2.3643092567984567,0.005498186508530276,-2.776297547624843,0.01001388675085243,-2.575349413611708,0.0030562660240147413,-2.9620213383169127,2.3643092567984567,2.575349413611708,negative,negative,17.0,8.0,2.3643092567984567,2.575349413611708,17.0,8.0
Thbs3,Sdc1,0.8889805678598689,-0.13959427039209857,0.00034095936532220836,-3.5820110513625,0.7995668747123156,0.25390768866594304,0.004485299424921467,-2.841847120810279,0.13959427039209857,0.25390768866594304,negative,inconsistent,219.0,202.0,0.13959427039209857,0.25390768866594304,219.0,202.0
Thbs4,Sdc1,0.048369827650618175,-1.9741048001906223,0.050516741561478604,-1.9555622666988561,0.15814702353096288,-1.4113310486886186,0.06685362297532563,-1.8326568169761628,1.9555622666988561,1.4113310486886186,negative,negative,28.0,61.0,1.9555622666988561,1.4113310486886186,28.0,61.0
Col1a1,Sdc4,0.9509185046089987,0.06155337907053165,0.11410278169097078,1.5800178369906261,0.33671692265967035,-0.9606723804936547,0.7317717652202349,0.34276964311551184,0.06155337907053165,0.34276964311551184,positive,inconsistent,230.0,183.0,0.06155337907053165,0.34276964311551184,230.0,183.0
Col1a2,Sdc4,0.48932906430814727,0.6913763470600788,0.02800071794374602,-2.1972763178201533,0.16979581568028035,1.3728601867695363,0.2518978164874158,-1.1457519146371091,0.6913763470600788,1.1457519146371091,inconsistent,inconsistent,125.0,86.0,0.6913763470600788,1.1457519146371091,125.0,86.0
Col2a1,Sdc4,0.12411334656100984,-1.5377353092798889,0.00644176282357342,-2.7244041355197055,0.2664571720389566,-1.1112583257197768,0.01489617245461135,-2.434893520617361,1.5377353092798889,1.1112583257197768,negative,negative,45.0,89.0,1.5377353092798889,1.1112583257197768,45.0,89.0
Col4a1,Sdc4,0.17744025354239934,-1.3486785021346845,0.0003629919557533236,-3.5656236580661407,0.6866580569093418,-0.4033944664086628,0.009581608662104927,-2.5905737569327725,1.3486785021346845,0.4033944664086628,negative,negative,61.0,177.0,1.3486785021346845,0.4033944664086628,61.0,177.0
Col4a2,Sdc4,0.15020429551464692,-1.4388102357736774,0.047841035724167806,-1.978777740535365,0.8200134565588335,0.22752766906428665,0.9140879689519484,0.10788367253436427,1.4388102357736774,0.10788367253436427,negative,positive,56.0,230.0,1.4388102357736774,0.10788367253436427,56.0,230.0
Col4a5,Sdc4,0.9956149782506615,0.005495837417011755,0.5370642477778399,0.6172584808295273,0.017534647869478694,-2.3753009316324802,0.11162245690952985,-1.5909427658548656,0.005495837417011755,1.5909427658548656,positive,negative,244.0,45.0,0.005495837417011755,1.5909427658548656,244.0,45.0
Col4a6,Sdc4,0.44556941959247887,-0.7628222334812316,0.18574161247559973,-1.3232820086809998,0.0810930598793765,-1.744378796159531,0.003790303370986306,-2.895106149023446,0.7628222334812316,1.744378796159531,negative,negative,115.0,36.0,0.7628222334812316,1.744378796159531,115.0,36.0
Col6a1,Sdc4,0.819158964403597,-0.22862683654768898,0.0019266375102142636,-3.1013141813359653,0.12492198260664501,-1.5344378068296818,2.344059386516192e-05,-4.229313086568686,0.22862683654768898,1.5344378068296818,negative,negative,201.0,50.0,0.22862683654768898,1.5344378068296818,201.0,50.0
Col9a1,Sdc4,0.5993037238258232,-0.5254020570663237,0.44198719020537125,-0.7688418688208492,0.12224241379717309,-1.5454294816637053,0.07102079099050049,-1.8053444948155641,0.5254020570663237,1.5454294816637053,negative,negative,154.0,49.0,0.5254020570663237,1.5454294816637053,154.0,49.0
Thbs3,Sdc4,0.412855010068777,-0.8188797751347514,8.56534820495261e-06,-4.450542896069534,0.6785913368155125,-0.4143861412426863,5.912476401868838e-05,-4.016276973716017,0.8188797751347514,0.4143861412426863,negative,negative,111.0,174.0,0.8188797751347514,0.4143861412426863,111.0,174.0
Thbs4,Sdc4,0.028398288460559116,-2.191739961904288,0.02085371784157172,-2.310622454786637,0.16472704592692966,-1.3893476990205715,0.06327731410909096,-1.8572379069207015,2.191739961904288,1.3893476990205715,negative,negative,23.0,62.0,2.191739961904288,1.3893476990205715,23.0,62.0
Lama1,Sv2c,0.5018438977722006,-0.6715913323588364,0.11726396962078603,-1.566361675910327,0.3134849081500084,1.0079365822799558,0.9238437236151938,-0.09559312756209493,0.6715913323588364,0.09559312756209493,negative,inconsistent,128.5,233.0,0.6715913323588364,0.09559312756209493,128.5,233.0
Lama5,Sv2c,0.634117465819376,-0.47593952031321796,0.09274865275615714,-1.6810734289848408,0.14167366350148425,1.469586925308943,0.801602767199828,-0.25127336387750665,0.47593952031321796,0.25127336387750665,negative,inconsistent,161.0,203.0,0.47593952031321796,0.25127336387750665,161.0,203.0
Lamb1,Sv2c,0.40661146830245787,-0.8298714499687749,0.1742137682480519,-1.358788027489778,0.3406011121089667,0.9529782081098382,0.6720464894118552,0.42334099348927756,0.8298714499687749,0.42334099348927756,negative,positive,110.0,172.0,0.8298714499687749,0.42334099348927756,110.0,172.0
Lamb2,Sv2c,0.10543140608862182,-1.6190737030516629,0.5524833485141032,-0.5940430069930185,0.8924556442331205,0.13519760045848916,0.1931105746033046,1.3014321509525208,0.5940430069930185,0.13519760045848916,negative,positive,143.0,225.0,0.5940430069930185,0.13519760045848916,143.0,225.0
Lamc1,Sv2c,0.281889258570557,-1.0760849662509016,0.10212401672386776,-1.6346424813118232,0.5331347284634547,0.623227963089133,0.878438490822764,-0.1529490040993519,1.0760849662509016,0.1529490040993519,negative,inconsistent,84.0,222.0,1.0760849662509016,0.1529490040993519,84.0,222.0
Thbs3,Cd47,0.17603161647458299,1.353075172068294,0.006495239702969462,-2.7216729033036455,0.5668706872959928,0.5726662588526248,0.0012631647964909721,-3.224219631058659,1.353075172068294,0.5726662588526248,inconsistent,inconsistent,60.0,144.5,1.353075172068294,0.5726662588526248,60.0,144.5
Thbs4,Cd47,0.04737880847481663,-1.9828981400578412,0.05766889937139336,-1.8982063901615993,0.13960030273013777,-1.4772810976927597,0.06644821318357708,-1.8353880491922225,1.8982063901615993,1.4772810976927597,negative,negative,29.0,53.0,1.8982063901615993,1.4772810976927597,29.0,53.0
Agrn,Dag1,0.004020850524345606,-2.8765213040639526,0.8281047273703761,0.21713296117675848,0.14589125844067516,-1.4541985805413102,0.32481606205450353,0.9846092138895778,0.21713296117675848,0.9846092138895778,inconsistent,inconsistent,204.0,101.0,0.21713296117675848,0.9846092138895778,204.0,101.0
Hspg2,Dag1,0.7390982412497125,-0.3330477474709123,0.12716105564692678,1.525393192669429,0.14589125844067516,-1.4541985805413102,0.7607223185518333,0.30453239209067384,0.3330477474709123,0.30453239209067384,inconsistent,inconsistent,187.0,193.0,0.3330477474709123,0.30453239209067384,187.0,193.0
Lama1,Dag1,0.052375970165830656,1.9400306082051493,0.8302337934982611,-0.21440172896069862,0.7674774868212058,-0.2956760530352324,0.016179106613803448,-2.4048499662407026,0.21440172896069862,0.2956760530352324,inconsistent,negative,205.0,195.0,0.21440172896069862,0.2956760530352324,205.0,195.0
Lama5,Dag1,0.009638391350650744,2.5885394234125365,0.3208060112807656,-0.9928029105377574,0.7407582349026918,0.33084941250410765,4.794210139753601e-05,-4.0654391536050944,0.9928029105377574,0.33084941250410765,inconsistent,inconsistent,90.0,188.0,0.9928029105377574,0.33084941250410765,90.0,188.0
Lamb1,Dag1,0.5018438977722006,0.6715913323588364,8.898199438146248e-06,4.442349199421354,0.05454992260882979,-1.9224439284707118,0.008230444424985352,2.64246716903791,0.6715913323588364,1.9224439284707118,positive,inconsistent,128.5,25.0,0.6715913323588364,1.9224439284707118,128.5,25.0
Lamb2,Dag1,0.7902403403867166,-0.2659985309833689,0.005903709376107862,2.753082073788334,0.07248820847432491,-1.7960396678794415,0.10414483876015446,1.6250831685556137,0.2659985309833689,1.6250831685556137,inconsistent,inconsistent,197.0,42.0,0.2659985309833689,1.6250831685556137,197.0,42.0
Lamc1,Dag1,0.0299420759072414,-2.170855779719643,0.783708980545443,-0.27448883771401544,0.0007852092304907317,-3.357956661794182,0.1406163229700423,-1.4734997805642918,0.27448883771401544,1.4734997805642918,negative,negative,193.0,54.0,0.27448883771401544,1.4734997805642918,193.0,54.0
Jam3,Jam2,0.32093016080985315,-0.9925482375123229,0.3994605055082632,0.8425851386544653,0.5173668535311761,-0.6474096477239847,0.34256812954703264,0.9491031950807997,0.8425851386544653,0.6474096477239847,inconsistent,inconsistent,108.0,136.0,0.8425851386544653,0.6474096477239847,108.0,136.0
Jam2,Jam3,0.10308768012238259,-1.6300653778856864,0.6532241298968394,0.44928769954184616,0.040155505564862394,-2.052145691512189,0.7942215441341592,0.2608326766337162,0.44928769954184616,0.2608326766337162,inconsistent,inconsistent,165.0,200.0,0.44928769954184616,0.2608326766337162,165.0,200.0
F11r,Jam2,0.5046478000889318,-0.667194662425227,0.350966723956599,0.9327158017844405,0.055105019092045446,1.9180472585371025,0.00037062721807123,3.560161193634021,0.667194662425227,1.9180472585371025,inconsistent,positive,130.0,26.5,0.667194662425227,1.9180472585371025,130.0,26.5
Jam2,F11r,0.2799277599946104,1.0804816361845109,0.003309339372570082,2.9374402483723743,0.24175422077618625,-1.1706133698235037,0.6009527019745569,0.5230309693754622,1.0804816361845109,0.5230309693754622,positive,inconsistent,83.0,158.0,1.0804816361845109,0.5230309693754622,83.0,158.0
F11r,Jam3,0.36218481838486005,-0.9112098437405489,0.3666998698551164,0.9026722474077821,0.0924088931142486,1.6828254170889994,0.0003592297169835614,3.5683548902822007,0.9026722474077821,1.6828254170889994,inconsistent,positive,99.0,38.0,0.9026722474077821,1.6828254170889994,99.0,38.0
Jam3,F11r,0.05795159425763157,1.8960639088690554,0.0006056710465293381,3.429062047263148,0.46615579987805134,-0.7287480414957587,0.5147890311631784,0.6513988835302754,1.8960639088690554,0.6513988835302754,positive,inconsistent,30.0,135.0,1.8960639088690554,0.6513988835302754,30.0,135.0
Ncam1,L1cam,0.2784627369304298,1.083779138634718,0.45177779712856103,0.7524544755244901,0.08579683843182226,1.7179987765578746,0.21548855131045752,1.2386138099831443,0.7524544755244901,1.2386138099831443,positive,positive,117.0,77.0,0.7524544755244901,1.2386138099831443,117.0,77.0
Nectin1,Cadm3,0.01186970790496012,2.515994369507981,0.13697362940819788,1.4871559416445912,0.412855010068777,-0.8188797751347514,0.07929066632808758,-1.7548166988184568,1.4871559416445912,0.8188797751347514,positive,negative,51.5,116.0,1.4871559416445912,0.8188797751347514,51.5,116.0
Nectin1,Nectin3,0.7192751055417075,0.35942776707256874,0.1724887417516131,-1.3642504919218976,0.327403009258449,-0.9793582277114947,0.007052382394680534,-2.694360581143047,0.35942776707256874,0.9793582277114947,inconsistent,negative,179.0,102.0,0.35942776707256874,0.9793582277114947,179.0,102.0
Nectin3,Nectin1,0.36218481838486005,-0.9112098437405489,0.008568396539265045,-2.6288110079576104,0.6278658538677642,0.48473286018043676,0.1912485051048045,-1.3068946153846406,0.9112098437405489,0.48473286018043676,negative,inconsistent,97.0,164.0,0.9112098437405489,0.48473286018043676,97.0,164.0
Nectin3,Nectin2,0.023220882845012523,-2.2697808532258548,0.007168829537867007,-2.688898116710927,0.18901278915650233,-1.3135051426658093,0.07384194019516327,-1.7875914854111752,2.2697808532258548,1.3135051426658093,negative,negative,22.0,73.0,2.2697808532258548,1.3135051426658093,22.0,73.0
Dlk1,Notch4,0.48244968252892695,-0.7023680218941022,0.80688597421395,0.24444528333735702,0.0014076319259646948,-3.1930815392838294,0.057489308788041746,-1.8995720062696293,0.24444528333735702,1.8995720062696293,inconsistent,negative,200.0,29.0,0.24444528333735702,1.8995720062696293,200.0,29.0
Sema5a,Plxna1,0.8699075211752827,-0.16377595502695028,2.496922088029709e-07,5.157932040029037,0.36218481838486005,-0.9112098437405489,1.0643800400319543e-06,4.879346353990931,0.16377595502695028,0.9112098437405489,inconsistent,inconsistent,216.0,108.0,0.16377595502695028,0.9112098437405489,216.0,108.0
Sema5b,Plxna1,0.14467654161578672,1.4585952504749198,0.03510495595536127,2.107145654690178,0.5259374932973542,-0.6342196379231565,0.7379449921049971,0.33457594646733224,1.4585952504749198,0.33457594646733224,positive,inconsistent,53.0,186.5,1.4585952504749198,0.33457594646733224,53.0,186.5
Sema5a,Plxna3,0.7332978776498804,0.3407419198547288,3.0133233815845164e-09,5.930870757173976,0.5195027152148307,0.6441121452737777,7.686605940085232e-09,5.775190520858564,0.3407419198547288,0.6441121452737777,positive,positive,182.0,137.0,0.3407419198547288,0.6441121452737777,182.0,137.0
Sema5b,Plxna3,0.01985186751233675,2.3291358973295817,6.059968581276199e-06,4.52428616590315,0.0044923269150700966,2.841347944595077,1.2052943040577e-06,4.854765264046392,2.3291358973295817,2.841347944595077,positive,positive,19.0,2.0,2.3291358973295817,2.841347944595077,19.0,2.0
Sema6b,Plxna2,0.5237880488289176,0.6375171403733635,0.15004872745102835,1.4393593778635436,0.33067099502355024,-0.9727632228110805,0.9597017996865698,-0.05052779599710732,0.6375171403733635,0.05052779599710732,positive,negative,134.0,237.0,0.6375171403733635,0.05052779599710732,134.0,237.0
