,cell_1,cell_2,length
0,cell_209,cell_267,138.4629914453678
1,cell_267,cell_297,88.81441324469807
2,cell_297,cell_336,52.03844732503075
3,cell_263,cell_267,112.60550608207397
4,cell_263,cell_297,172.10461934532728
5,cell_297,cell_316,123.43419299367578
6,cell_316,cell_336,34.92849839314596
7,cell_316,cell_333,171.41761869772895
8,cell_209,cell_263,62.76941930590086
9,cell_333,cell_336,156.58863304850706
10,cell_336,cell_355,68.0
11,cell_166,cell_209,117.38824472663352
12,cell_263,cell_316,104.01922899156675
13,cell_209,cell_232,136.85028315644803
14,cell_232,cell_263,155.04837954651444
15,cell_333,cell_355,40.19950248448356
16,cell_433,cell_453,128.9961239727768
17,cell_349,cell_355,116.61903789690601
18,cell_333,cell_349,122.06555615733703
19,cell_166,cell_232,26.68332812825267
20,cell_453,cell_486,139.71399357258383
21,cell_305,cell_316,79.2464510246358
22,cell_263,cell_305,62.289646009589745
23,cell_387,cell_397,98.79271228182775
24,cell_397,cell_406,42.0
25,cell_326,cell_333,103.78824596263297
26,cell_355,cell_368,46.69047011971501
27,cell_316,cell_326,47.20169488482379
28,cell_263,cell_286,130.06152390311286
29,cell_232,cell_286,122.19656296312102
30,cell_286,cell_305,118.92854997854805
31,cell_406,cell_433,38.05259518088089
32,cell_355,cell_362,72.99315036357864
33,cell_362,cell_368,42.941821107167776
34,cell_397,cell_399,80.62257748298549
35,cell_486,cell_498,111.73182178770737
36,cell_399,cell_406,74.4043009509531
37,cell_305,cell_326,144.01388821915754
38,cell_326,cell_349,56.60388679233962
39,cell_349,cell_362,59.09314681077663
40,cell_433,cell_446,103.47946656221224
41,cell_446,cell_453,142.3938200906205
42,cell_406,cell_426,66.24198064671678
43,cell_426,cell_433,107.81465577554843
44,cell_362,cell_365,67.67569726275453
45,cell_365,cell_368,130.38404810405297
46,cell_387,cell_399,49.03060268852505
47,cell_166,cell_174,157.49285698088025
48,cell_342,cell_349,54.037024344425184
49,cell_326,cell_342,144.89996549343965
50,cell_368,cell_383,52.61178575186362
51,cell_406,cell_409,86.02325267042627
52,cell_399,cell_409,127.57742747053649
53,cell_453,cell_478,47.41307836451879
54,cell_478,cell_486,47.07440918375928
55,cell_478,cell_498,151.38031576133008
56,cell_174,cell_205,208.47062143141417
57,cell_205,cell_232,105.60303025955268
58,cell_409,cell_426,102.3132444994293
59,cell_394,cell_399,134.35773144854747
60,cell_387,cell_394,7.211102550927978
61,cell_446,cell_478,104.0
62,cell_286,cell_294,46.04345773288535
63,cell_426,cell_446,34.23448553724738
64,cell_232,cell_294,100.43903623591775
65,cell_294,cell_305,79.6994353806851
66,cell_371,cell_383,132.19682295728592
67,cell_368,cell_371,96.20810776644555
68,cell_142,cell_166,74.24284477308234
69,cell_437,cell_446,60.959002616512684
70,cell_426,cell_437,104.01922899156675
71,cell_365,cell_371,94.40338976964757
72,cell_305,cell_318,46.647615158762406
73,cell_318,cell_326,94.847245611035
74,cell_354,cell_365,77.33160747581098
75,cell_142,cell_174,78.10249675906654
76,cell_342,cell_354,91.30169768410661
77,cell_305,cell_308,74.43117626371358
78,cell_308,cell_318,178.94133116750865
79,cell_446,cell_448,52.952809179494906
80,cell_437,cell_448,116.49892703368559
81,cell_232,cell_255,92.0869154657707
82,cell_205,cell_255,126.1269202034205
83,cell_294,cell_308,18.0
84,cell_498,cell_543,30.0
85,cell_446,cell_459,50.15974481593781
86,cell_448,cell_459,129.87686476043376
87,cell_394,cell_409,15.231546211727817
88,cell_409,cell_415,92.64987857520376
89,cell_459,cell_478,70.9365914038728
90,cell_318,cell_342,106.6770828247567
91,cell_415,cell_426,52.839379254491625
92,cell_283,cell_294,92.02173656261873
93,cell_283,cell_308,234.4013651837378
94,cell_232,cell_283,45.254833995939045
95,cell_394,cell_410,7.211102550927978
96,cell_409,cell_410,26.832815729997478
97,cell_498,cell_501,149.6262009141447
98,cell_501,cell_543,42.0
99,cell_410,cell_415,159.9624956044385
100,cell_83,cell_119,159.66214329013624
101,cell_415,cell_437,44.27188724235731
102,cell_354,cell_371,50.0
103,cell_139,cell_142,171.97674261364529
104,cell_139,cell_174,85.0881895447306
105,cell_478,cell_501,34.40930106817051
106,cell_255,cell_283,65.14598989960932
107,cell_478,cell_480,122.0
108,cell_318,cell_354,53.25410782277739
109,cell_541,cell_543,144.4714504668656
110,cell_501,cell_541,36.71511950137164
111,cell_459,cell_480,52.15361924162119
112,cell_480,cell_501,118.40608092492548
113,cell_434,cell_437,78.0
114,cell_415,cell_434,69.77105417004964
115,cell_119,cell_139,82.0
116,cell_515,cell_541,106.45186705737011
117,cell_501,cell_515,143.68020044529447
118,cell_434,cell_448,60.4648658313239
119,cell_246,cell_283,218.44907873461037
120,cell_246,cell_255,128.2497563350512
121,cell_205,cell_246,45.34313619501854
122,cell_459,cell_464,77.25283166331187
123,cell_464,cell_480,109.17875251164945
124,cell_448,cell_454,32.802438933713454
125,cell_454,cell_459,37.20215047547655
126,cell_410,cell_434,95.35197952848173
127,cell_318,cell_323,106.82696288858914
128,cell_308,cell_323,98.812954616285
129,cell_454,cell_464,90.55385138137417
130,cell_205,cell_221,95.8687870049484
131,cell_221,cell_246,251.4358765172544
132,cell_434,cell_454,56.0
133,cell_95,cell_119,91.21403400793103
134,cell_95,cell_139,95.60334722173695
135,cell_139,cell_144,189.08199279677586
136,cell_318,cell_350,87.8179936004006
137,cell_83,cell_95,110.34491379306978
138,cell_480,cell_488,103.73041983911952
139,cell_488,cell_501,35.608987629529715
140,cell_535,cell_541,62.80127387243033
141,cell_515,cell_535,99.03534722511958
142,cell_488,cell_515,29.732137494637012
143,cell_323,cell_350,68.26419266350405
144,cell_144,cell_181,154.3243337908834
145,cell_464,cell_488,12.165525060596439
146,cell_283,cell_323,36.71511950137164
147,cell_464,cell_476,104.01922899156675
148,cell_476,cell_488,74.0
149,cell_488,cell_492,114.85643212288984
150,cell_492,cell_515,77.79460135510689
151,cell_95,cell_144,148.92951352905172
152,cell_181,cell_221,144.22205101855957
153,cell_283,cell_298,20.8806130178211
154,cell_246,cell_298,114.56002793295748
155,cell_492,cell_535,36.71511950137164
156,cell_298,cell_323,103.32473082471591
157,cell_80,cell_83,92.45539465060976
158,cell_80,cell_95,117.2006825918689
159,cell_449,cell_464,37.73592452822641
160,cell_323,cell_334,99.85990186255943
161,cell_518,cell_535,151.92103211866353
162,cell_492,cell_518,176.96327302578916
163,cell_334,cell_350,220.68982758613956
164,cell_221,cell_298,139.97912560408224
165,cell_449,cell_476,43.9089968002003
166,cell_476,cell_492,8.246211251235321
167,cell_653,cell_678,119.36498649101419
168,cell_465,cell_476,85.44003745317531
169,cell_465,cell_492,117.64352935882194
170,cell_678,cell_703,62.12889826803627
171,cell_449,cell_465,75.1357342916647
172,cell_298,cell_334,32.55764119219941
173,cell_436,cell_449,82.68010643437755
174,cell_86,cell_95,101.9803902718557
175,cell_80,cell_86,147.5127113166862
176,cell_221,cell_239,72.14440903915413
177,cell_298,cell_319,76.15773105863909
178,cell_319,cell_334,185.52627846210896
179,cell_181,cell_239,92.45539465060976
180,cell_633,cell_653,93.23089616645332
181,cell_144,cell_186,111.08555261599052
182,cell_181,cell_186,193.13207915827965
183,cell_95,cell_129,14.142135623730951
184,cell_86,cell_129,173.17043627594174
185,cell_518,cell_542,141.53444810363305
186,cell_129,cell_144,135.91173606425605
187,cell_588,cell_633,123.48279232346505
188,cell_221,cell_270,125.68832892839715
189,cell_239,cell_270,139.6784983389669
190,cell_687,cell_703,163.87800340497196
191,cell_678,cell_687,64.03124237432849
192,cell_298,cell_304,124.12557952478123
193,cell_304,cell_319,159.24823389915505
194,cell_485,cell_492,38.47076812334269
195,cell_465,cell_485,143.4015341619468
196,cell_542,cell_588,6.324555320336759
197,cell_553,cell_588,81.33074516115761
198,cell_542,cell_553,272.8369476445593
199,cell_485,cell_518,27.85677655436824
200,cell_270,cell_298,5.965288835315683
201,cell_270,cell_304,34.334258198754576
202,cell_703,cell_716,34.058772731852805
203,cell_186,cell_239,93.03762679690406
204,cell_436,cell_439,111.31936040060597
205,cell_55,cell_80,52.952809179494906
206,cell_512,cell_518,134.937022347464
207,cell_485,cell_512,190.67249408344142
208,cell_588,cell_596,192.48921438673221
209,cell_553,cell_596,139.61974415088835
210,cell_456,cell_465,81.67076624894344
211,cell_641,cell_653,17.204650534085253
212,cell_55,cell_86,95.60334722173695
213,cell_633,cell_641,62.48199740725323
214,cell_687,cell_716,143.22011031974526
215,cell_439,cell_456,114.6298390472568
216,cell_270,cell_279,106.50821564555478
217,cell_279,cell_304,191.23012025115014
218,cell_512,cell_542,159.66214329013624
219,cell_144,cell_157,132.9661611087573
220,cell_157,cell_186,171.26587517658035
221,cell_129,cell_157,65.5133574166368
222,cell_588,cell_641,104.9952379872535
223,cell_456,cell_485,94.86832980505137
224,cell_210,cell_239,83.18653737234169
225,cell_186,cell_210,152.64337522473747
226,cell_239,cell_279,19.938221376510857
227,cell_672,cell_687,120.81390648431164
228,cell_239,cell_268,42.863201552919726
229,cell_268,cell_279,153.48727121005498
230,cell_319,cell_320,119.54915307102765
231,cell_304,cell_320,35.87175048966455
232,cell_55,cell_69,103.24727599312246
233,cell_117,cell_129,22.627416997969522
234,cell_69,cell_86,141.46629903648167
235,cell_86,cell_117,88.51174267533465
236,cell_319,cell_351,38.41874542459709
237,cell_33,cell_55,104.01922899156675
238,cell_129,cell_133,100.07996802557443
239,cell_133,cell_157,213.7755832643195
240,cell_117,cell_133,185.86378018491118
241,cell_210,cell_268,160.099968769516
242,cell_641,cell_672,16.97056274847714
243,cell_672,cell_716,62.12889826803627
244,cell_412,cell_439,92.19544457292888
245,cell_279,cell_320,77.51673444972774
246,cell_320,cell_351,102.17631819555841
247,cell_412,cell_456,11.313708498984761
248,cell_641,cell_648,98.18350166906862
249,cell_648,cell_672,68.87670143089025
250,cell_451,cell_456,123.62847568420473
251,cell_412,cell_451,142.12670403551894
252,cell_596,cell_641,4.0
253,cell_596,cell_619,134.5362404707371
254,cell_619,cell_641,52.3450093132096
255,cell_451,cell_485,111.68902855739981
256,cell_157,cell_210,24.08318915758459
257,cell_553,cell_571,112.44554237496477
258,cell_571,cell_596,116.27553482998907
259,cell_279,cell_301,96.33275663033837
260,cell_81,cell_86,41.91138650228809
261,cell_81,cell_117,212.79154220557905
262,cell_669,cell_672,162.4438364481706
263,cell_33,cell_69,28.635642126552707
264,cell_157,cell_202,61.05735008989499
265,cell_202,cell_210,275.98550686584974
266,cell_268,cell_301,120.16655108639841
267,cell_512,cell_513,114.15778554264269
268,cell_301,cell_320,104.01922899156675
269,cell_513,cell_542,43.266615305567875
270,cell_669,cell_716,6.0
271,cell_619,cell_648,72.02777242147643
272,cell_695,cell_716,153.81342494145957
273,cell_485,cell_513,28.635642126552707
274,cell_669,cell_695,137.7679207943562
275,cell_648,cell_669,108.46197490364999
276,cell_40,cell_69,116.36150566231085
277,cell_33,cell_40,190.4205871222962
278,cell_69,cell_81,179.4635049613063
279,cell_133,cell_202,106.6770828247567
280,cell_533,cell_542,8.0
281,cell_533,cell_553,81.60882305241266
282,cell_513,cell_533,99.35793878699377
283,cell_485,cell_502,55.569775957799216
284,cell_502,cell_513,113.22543883774529
285,cell_320,cell_335,110.05453193758083
286,cell_335,cell_351,161.4187101918486
287,cell_466,cell_485,48.17945989874045
288,cell_533,cell_571,53.14153316353717
289,cell_451,cell_466,231.5351090719199
290,cell_571,cell_619,99.29753269845128
291,cell_634,cell_648,76.94153624668537
292,cell_619,cell_634,94.847245611035
293,cell_301,cell_306,181.57092278225608
294,cell_306,cell_320,6.0
295,cell_306,cell_335,174.63103962354458
296,cell_466,cell_502,194.50449866262733
297,cell_202,cell_268,88.29496021857646
298,cell_412,cell_428,170.46993869888027
299,cell_428,cell_451,136.19104228986575
300,cell_533,cell_551,155.2178472462011
301,cell_551,cell_571,176.5887603553936
302,cell_502,cell_533,134.5362404707371
303,cell_133,cell_143,200.8417447983586
304,cell_117,cell_143,96.84449077169347
305,cell_202,cell_301,53.85164807134504
306,cell_668,cell_669,126.26955294131677
307,cell_695,cell_709,142.61837188805654
308,cell_668,cell_695,77.82030583337487
309,cell_634,cell_669,62.289646009589745
310,cell_40,cell_81,140.18559127100045
311,cell_133,cell_191,51.92301994298868
312,cell_191,cell_202,164.730082255792
313,cell_17,cell_40,200.6888138387389
314,cell_143,cell_191,162.50538452617502
315,cell_709,cell_720,193.03885619221847
316,cell_668,cell_709,82.21921916437786
317,cell_408,cell_412,58.034472514187634
318,cell_408,cell_428,123.36936410632909
319,cell_290,cell_301,22.80350850198276
320,cell_202,cell_290,123.54756169184401
321,cell_290,cell_306,206.4654934849889
322,cell_720,cell_727,224.51071319083488
323,cell_571,cell_610,94.76286192385707
324,cell_634,cell_668,31.622776601683793
325,cell_202,cell_234,203.06649157357302
326,cell_81,cell_90,199.52944644838766
327,cell_90,cell_117,83.18653737234169
328,cell_90,cell_143,145.24462124292245
329,cell_634,cell_642,39.293765408777
330,cell_642,cell_668,44.04543109109048
331,cell_191,cell_234,145.38225476308997
332,cell_428,cell_466,10.0
333,cell_727,cell_733,204.35263639111682
334,cell_668,cell_675,96.02083107326243
335,cell_428,cell_447,97.65244492586962
336,cell_447,cell_466,141.4496376806954
337,cell_668,cell_691,34.52535300326414
338,cell_691,cell_709,41.23105625617661
339,cell_675,cell_691,60.166435825965294
340,cell_642,cell_675,27.05275171034024
341,cell_528,cell_533,76.94153624668537
342,cell_571,cell_597,45.60701700396552
343,cell_597,cell_610,99.29753269845128
344,cell_528,cell_551,80.62257748298549
345,cell_59,cell_81,38.2099463490856
346,cell_40,cell_59,145.46477236774544
347,cell_733,cell_743,191.049731745428
348,cell_234,cell_290,78.23042886243178
349,cell_466,cell_496,45.34313619501854
350,cell_59,cell_90,130.38404810405297
351,cell_143,cell_165,102.17631819555841
352,cell_90,cell_165,82.68010643437755
353,cell_165,cell_191,134.41726079637243
354,cell_17,cell_59,63.59547848596773
355,cell_572,cell_597,108.75660899458019
356,cell_466,cell_477,82.46211251235322
357,cell_477,cell_496,203.3420763147657
358,cell_677,cell_691,34.92849839314596
359,cell_642,cell_677,44.94441010848846
360,cell_234,cell_261,153.8440769090575
361,cell_261,cell_290,224.4014260204244
362,cell_496,cell_528,67.08203932499369
363,cell_447,cell_477,53.81449618829484
364,cell_90,cell_122,125.93649193144932
365,cell_528,cell_572,59.93329625508679
366,cell_707,cell_720,33.13325653410138
367,cell_191,cell_216,55.17245689653489
368,cell_216,cell_234,128.15615474880636
369,cell_614,cell_642,24.166091947189145
370,cell_597,cell_614,110.07270324653611
371,cell_419,cell_447,136.13228860193308
372,cell_707,cell_727,24.138202376034375
373,cell_17,cell_26,208.2360653809576
374,cell_70,cell_90,64.62197768561404
375,cell_90,cell_148,79.12016177940993
376,cell_148,cell_165,148.4048516727132
377,cell_642,cell_647,116.84177335182824
378,cell_26,cell_59,85.9337456561832
379,cell_647,cell_677,32.55764119219941
380,cell_70,cell_122,84.02380615040002
381,cell_707,cell_733,14.560219778561036
382,cell_419,cell_477,56.55651475216658
383,cell_635,cell_642,12.649110640673518
384,cell_677,cell_707,68.13907987063399
385,cell_614,cell_635,144.2497833620557
386,cell_528,cell_531,154.0519392932137
387,cell_635,cell_647,99.15644204992432
388,cell_743,cell_749,125.63439019631528
389,cell_122,cell_148,56.142675390472796
390,cell_165,cell_216,62.289646009589745
391,cell_59,cell_70,182.4343407600056
392,cell_496,cell_531,54.18207380197934
393,cell_647,cell_665,79.19595949289332
394,cell_531,cell_572,12.0
395,cell_665,cell_677,105.23231459591274
396,cell_572,cell_614,36.87817782917155
397,cell_216,cell_261,118.96217886370441
398,cell_545,cell_572,31.240998703626616
399,cell_531,cell_545,119.81652640600127
400,cell_455,cell_477,93.20535572866598
401,cell_419,cell_455,179.2124211846365
402,cell_572,cell_576,97.52948272189288
403,cell_545,cell_576,78.63841300535
404,cell_111,cell_122,118.15244390193544
405,cell_572,cell_600,50.11985634456667
406,cell_665,cell_707,12.516475453739762
407,cell_600,cell_614,89.37561188601732
408,cell_705,cell_707,82.57686661176692
409,cell_665,cell_705,61.18823416311342
410,cell_51,cell_59,29.112800092325937
411,cell_51,cell_70,111.03661195722052
412,cell_496,cell_525,30.23226534014795
413,cell_726,cell_749,70.71067811865476
414,cell_525,cell_531,72.37406587748531
415,cell_111,cell_148,83.57032966310472
416,cell_26,cell_51,169.162643630324
417,cell_70,cell_111,56.568542494923804
418,cell_635,cell_665,62.80127387243033
419,cell_576,cell_600,46.389654018972806
420,cell_705,cell_726,84.40379138403677
421,cell_477,cell_525,63.05728878747411
422,cell_525,cell_545,110.14535850411491
423,cell_70,cell_75,177.61217349065151
424,cell_75,cell_111,58.137767414994535
425,cell_665,cell_667,144.88616221019868
426,cell_667,cell_705,38.8329756778952
427,cell_148,cell_164,116.22524235355553
428,cell_468,cell_477,165.36448473741638
429,cell_573,cell_576,78.23042886243178
430,cell_611,cell_614,29.732137494637012
431,cell_455,cell_468,141.8731828077456
432,cell_600,cell_611,70.76722405181653
433,cell_573,cell_600,72.47068372797375
434,cell_738,cell_749,75.7099729229908
435,cell_726,cell_738,124.48293055676348
436,cell_545,cell_573,61.741396161732524
437,cell_611,cell_635,72.47068372797375
438,cell_261,cell_265,226.74214429611447
439,cell_216,cell_265,119.07980517283357
440,cell_635,cell_667,10.0
441,cell_635,cell_637,76.94153624668537
442,cell_637,cell_667,61.05735008989499
443,cell_118,cell_148,55.17245689653489
444,cell_111,cell_118,163.22989922192565
445,cell_468,cell_525,38.168121411614756
446,cell_164,cell_216,43.86342439892262
447,cell_75,cell_118,84.2140130857092
448,cell_51,cell_75,89.35986937703362
449,cell_573,cell_611,67.08203932499369
450,cell_419,cell_443,65.69790571624276
451,cell_148,cell_149,7.36601518155988
452,cell_611,cell_637,86.53323061113575
453,cell_149,cell_164,242.8634357484826
454,cell_443,cell_455,62.76941930590086
455,cell_118,cell_149,100.65783625729296
456,cell_545,cell_554,50.15974481593781
457,cell_554,cell_573,110.45361017187261
458,cell_667,cell_673,116.97845469181485
459,cell_525,cell_554,67.67569726275453
460,cell_738,cell_768,66.03029607687671
461,cell_21,cell_26,103.84603988597736
462,cell_637,cell_673,120.59850745345068
463,cell_216,cell_218,171.45261736118232
464,cell_164,cell_218,92.02173656261873
465,cell_443,cell_468,123.17467272130257
466,cell_726,cell_728,18.110770276274835
467,cell_728,cell_738,203.9607805437114
468,cell_21,cell_51,106.30145812734649
469,cell_573,cell_591,98.40731680114035
470,cell_591,cell_611,61.61168720299745
471,cell_61,cell_75,133.5065541462291
472,cell_105,cell_118,130.38404810405297
473,cell_75,cell_105,52.839379254491625
474,cell_611,cell_622,54.62600113499065
475,cell_622,cell_637,100.4987562112089
476,cell_218,cell_265,110.34491379306978
477,cell_51,cell_61,220.95248357961492
478,cell_673,cell_689,89.55445270895244
479,cell_728,cell_768,57.688820407423826
480,cell_105,cell_149,123.43419299367578
481,cell_149,cell_218,79.12016177940993
482,cell_591,cell_622,72.27724399837061
483,cell_768,cell_774,92.97311439335567
484,cell_61,cell_105,95.01578816175763
485,cell_717,cell_728,98.48857801796105
486,cell_554,cell_562,80.99382692526635
487,cell_562,cell_573,20.0
488,cell_562,cell_591,89.10667763978185
489,cell_689,cell_717,57.271284253105414
490,cell_728,cell_774,32.0
491,cell_443,cell_450,155.8589105569521
492,cell_637,cell_643,62.12889826803627
493,cell_643,cell_673,76.15773105863909
494,cell_622,cell_643,96.66436778875658
495,cell_21,cell_27,140.0142849854971
496,cell_27,cell_51,128.39003076563228
497,cell_218,cell_222,200.48940121612415
498,cell_643,cell_689,7.211102550927978
499,cell_723,cell_774,44.94441010848846
500,cell_723,cell_728,229.47766775876036
501,cell_681,cell_689,34.40930106817051
502,cell_643,cell_681,64.89992295835181
503,cell_605,cell_622,120.41594578792295
504,cell_591,cell_605,72.47068372797375
505,cell_149,cell_222,24.73863375370596
506,cell_149,cell_172,216.03703386225243
507,cell_717,cell_723,112.60550608207397
508,cell_172,cell_222,102.44998779892558
509,cell_582,cell_591,51.92301994298868
510,cell_562,cell_582,83.67361024692873
511,cell_643,cell_661,137.53544997563355
512,cell_661,cell_681,152.2366578718805
513,cell_450,cell_479,152.0526224699857
514,cell_479,cell_509,104.0
515,cell_582,cell_605,82.68010643437755
516,cell_509,cell_526,157.13688300332294
517,cell_526,cell_562,89.10667763978185
518,cell_605,cell_643,48.16637831516918
519,cell_58,cell_61,478.81938139553205
520,cell_562,cell_575,15.763646911486688
521,cell_575,cell_582,144.30964296177487
522,cell_172,cell_189,195.34584715319647
523,cell_27,cell_61,15.231546211727817
524,cell_189,cell_222,72.47068372797375
525,cell_607,cell_643,43.9089968002003
526,cell_605,cell_607,108.90362712049586
527,cell_526,cell_575,124.06449935416659
528,cell_681,cell_693,96.74709297958259
529,cell_27,cell_58,36.05551275463989
530,cell_582,cell_607,87.65842800324451
531,cell_693,cell_723,44.94441010848846
532,cell_723,cell_732,274.2125316626866
533,cell_624,cell_643,28.284271247461902
534,cell_495,cell_509,28.42534080710379
535,cell_479,cell_495,184.83506160899236
536,cell_607,cell_624,154.01298646542764
537,cell_693,cell_732,78.0
538,cell_624,cell_661,37.33760962305101
539,cell_53,cell_58,208.0192298803166
540,cell_27,cell_53,19.359319882839426
541,cell_24,cell_27,158.50571041529122
542,cell_495,cell_526,99.9599919967984
543,cell_8,cell_27,12.649110640673518
544,cell_24,cell_53,85.10063773729344
545,cell_450,cell_457,66.75327707311455
546,cell_723,cell_769,70.75933545118357
547,cell_661,cell_662,107.54841356379448
548,cell_8,cell_24,120.33287165193059
549,cell_457,cell_479,113.77170122662314
550,cell_624,cell_662,112.14332368277677
551,cell_58,cell_179,78.587530817554
552,cell_179,cell_189,246.64144015148793
553,cell_662,cell_681,28.284271247461902
554,cell_662,cell_693,30.59411708155671
555,cell_575,cell_607,26.832815729997478
556,cell_413,cell_457,126.64912159190051
557,cell_601,cell_607,39.395431207184416
558,cell_575,cell_601,55.17245689653489
559,cell_693,cell_719,92.45539465060976
560,cell_719,cell_732,92.19544457292888
561,cell_662,cell_690,57.30619512757761
562,cell_690,cell_693,132.74034804836094
563,cell_732,cell_769,61.724750272713784
564,cell_526,cell_549,112.16059914247963
565,cell_549,cell_575,89.28605714219886
566,cell_601,cell_624,149.30505684671232
567,cell_58,cell_131,244.8182999695897
568,cell_58,cell_91,174.56230979223437
569,cell_91,cell_131,122.67368692417584
570,cell_24,cell_38,119.63277142990545
571,cell_38,cell_53,196.5807722031837
572,cell_507,cell_526,81.43709228600933
573,cell_495,cell_507,114.85643212288984
574,cell_549,cell_601,36.22154055254967
575,cell_732,cell_751,148.29699929533302
576,cell_719,cell_751,133.2216198670471
577,cell_53,cell_91,110.16351483136329
578,cell_131,cell_179,138.70832707519762
579,cell_3,cell_8,90.08884503644167
580,cell_657,cell_662,91.41115905621152
581,cell_657,cell_690,124.33824833895642
582,cell_751,cell_769,10.0
583,cell_457,cell_458,54.037024344425184
584,cell_458,cell_479,116.0
585,cell_458,cell_495,73.348483283569
586,cell_507,cell_549,72.44308110509934
587,cell_624,cell_657,32.84851700278491
588,cell_16,cell_24,111.80339887498948
589,cell_549,cell_587,118.72657663724664
590,cell_587,cell_601,75.41341979752049
591,cell_751,cell_762,140.98226838861686
592,cell_762,cell_769,74.24284477308234
593,cell_8,cell_16,84.8528137423857
594,cell_690,cell_719,51.10772935672255
595,cell_624,cell_638,44.48710897629083
596,cell_638,cell_657,162.1356059874746
597,cell_1,cell_3,197.34234213670416
598,cell_458,cell_507,98.48857801796105
599,cell_601,cell_612,94.98301275318299
600,cell_587,cell_612,118.31548346763873
601,cell_7,cell_8,126.39620247459969
602,cell_179,cell_207,117.04699910719626
603,cell_601,cell_638,74.02702209328699
604,cell_413,cell_458,92.64987857520376
605,cell_713,cell_719,108.81176406988355
606,cell_690,cell_713,105.05795420542215
607,cell_87,cell_131,64.75195534376033
608,cell_87,cell_91,246.28468773216156
609,cell_16,cell_38,54.589376255824725
610,cell_7,cell_16,119.81652640600127
611,cell_548,cell_549,133.41664064126334
612,cell_3,cell_7,69.05070600652827
613,cell_507,cell_548,27.202941017470888
614,cell_131,cell_207,175.84083712266613
615,cell_53,cell_87,51.884487084291386
616,cell_131,cell_134,122.31994614095795
617,cell_50,cell_53,48.41487374764082
618,cell_38,cell_50,179.25400971805345
619,cell_612,cell_638,22.80350850198276
620,cell_506,cell_507,105.90561835898981
621,cell_87,cell_134,178.54971296532514
622,cell_506,cell_548,66.12110101926616
623,cell_719,cell_741,47.07440918375928
624,cell_741,cell_751,59.09314681077663
625,cell_690,cell_694,56.43946555524016
626,cell_548,cell_587,47.07440918375928
627,cell_694,cell_713,193.9497371795196
628,cell_9,cell_16,155.65346125287417
629,cell_9,cell_38,111.51681487560519
630,cell_638,cell_690,31.622776601683793
631,cell_713,cell_741,113.43720729989786
632,cell_618,cell_638,157.20050890502867
633,cell_612,cell_618,115.39497389401325
634,cell_413,cell_422,225.44178849538966
635,cell_458,cell_506,100.43903623591775
636,cell_422,cell_458,213.78493866500511
637,cell_50,cell_87,142.3938200906205
638,cell_3,cell_4,193.13207915827965
639,cell_638,cell_694,32.31098884280702
640,cell_4,cell_7,108.664621657649
641,cell_583,cell_587,111.42710621747295
642,cell_548,cell_583,46.861498055439924
643,cell_131,cell_162,188.2081022626865
644,cell_134,cell_162,215.22210931807774
645,cell_884,cell_896,153.32318807016765
646,cell_506,cell_547,94.0
647,cell_547,cell_548,115.7410903698423
648,cell_587,cell_618,24.08318915758459
649,cell_638,cell_686,39.698866482558415
650,cell_686,cell_694,186.46179233290664
651,cell_741,cell_759,89.55445270895244
652,cell_7,cell_9,145.43727170158274
653,cell_547,cell_583,62.289646009589745
654,cell_583,cell_618,34.23448553724738
655,cell_638,cell_670,56.32051136131489
656,cell_670,cell_686,127.38916751435343
657,cell_458,cell_489,68.41052550594829
658,cell_9,cell_50,32.55764119219941
659,cell_489,cell_506,111.60645142642964
660,cell_618,cell_670,32.802438933713454
661,cell_1,cell_4,74.96665925596525
662,cell_87,cell_101,127.27922061357856
663,cell_872,cell_884,123.23960402403117
664,cell_896,cell_905,80.72814459112233
665,cell_422,cell_489,81.21576201698781
666,cell_207,cell_225,187.8084130170957
667,cell_583,cell_595,95.4148835350125
668,cell_595,cell_618,104.80458005259122
669,cell_694,cell_741,23.323807579381203
670,cell_9,cell_12,347.81604333325396
671,cell_12,cell_50,68.87670143089025
672,cell_101,cell_134,97.66232993726666
673,cell_618,cell_636,142.35167719419397
674,cell_636,cell_670,76.02631123499285
675,cell_729,cell_741,57.688820407423826
676,cell_694,cell_729,45.34313619501854
677,cell_162,cell_207,11.661903789690601
678,cell_547,cell_557,94.02127418834527
679,cell_557,cell_583,59.0592922409336
680,cell_50,cell_101,34.23448553724738
681,cell_162,cell_225,83.18653737234169
682,cell_1,cell_2,191.049731745428
683,cell_522,cell_547,65.05382386916237
684,cell_506,cell_522,104.9952379872535
685,cell_896,cell_901,15.824872433990318
686,cell_901,cell_905,127.51082643138615
687,cell_694,cell_708,46.04345773288535
688,cell_557,cell_595,84.0
689,cell_686,cell_708,117.18361660232202
690,cell_708,cell_729,129.1200991325518
691,cell_98,cell_101,168.69559008575925
692,cell_905,cell_917,87.72684879784524
693,cell_2,cell_4,18.11546544423744
694,cell_50,cell_98,58.240879114244144
695,cell_884,cell_901,45.34313619501854
696,cell_489,cell_522,36.76955262170047
697,cell_595,cell_636,12.649110640673518
698,cell_46,cell_50,222.80035906613796
699,cell_12,cell_46,87.8179936004006
700,cell_444,cell_489,134.5362404707371
701,cell_422,cell_444,264.76404589747455
702,cell_580,cell_595,163.19313711060278
703,cell_884,cell_887,83.18653737234169
704,cell_522,cell_557,83.18653737234169
705,cell_580,cell_636,105.60303025955268
706,cell_872,cell_887,97.94202632399319
707,cell_664,cell_670,120.0
708,cell_664,cell_686,34.9857113690718
709,cell_636,cell_664,59.93329625508679
710,cell_98,cell_134,47.23908361510255
711,cell_887,cell_901,68.26419266350405
712,cell_444,cell_522,87.72684879784524
713,cell_664,cell_708,71.02112361825881
714,cell_162,cell_198,152.0131573252789
715,cell_198,cell_225,73.7563556583431
716,cell_46,cell_98,62.289646009589745
717,cell_225,cell_243,142.22517358048822
718,cell_901,cell_917,36.078984607067014
719,cell_198,cell_243,146.4923206178399
720,cell_557,cell_580,75.28612089887484
721,cell_98,cell_127,101.6070863670443
722,cell_127,cell_134,14.0
723,cell_620,cell_636,51.884487084291386
724,cell_620,cell_664,129.63024338479042
725,cell_10,cell_12,282.630500831032
726,cell_10,cell_46,102.44998779892558
727,cell_901,cell_906,141.27782982705492
728,cell_906,cell_917,6.300463208125079
729,cell_505,cell_522,67.23094525588644
730,cell_444,cell_505,148.4048516727132
731,cell_76,cell_98,85.90692637965812
732,cell_550,cell_557,84.40379138403677
733,cell_887,cell_889,91.87665107462938
734,cell_46,cell_76,122.64004776123878
735,cell_522,cell_550,31.240998703626616
736,cell_580,cell_620,152.64337522473747
737,cell_889,cell_901,72.80109889280519
738,cell_46,cell_62,107.12331606280034
739,cell_62,cell_76,149.5738814792253
740,cell_550,cell_580,54.589376255824725
741,cell_872,cell_889,111.10404299427485
742,cell_505,cell_550,38.8329756778952
743,cell_438,cell_444,137.7534028617805
744,cell_76,cell_127,62.12889826803627
745,cell_10,cell_62,80.22468448052632
746,cell_127,cell_128,81.6333265278342
747,cell_889,cell_906,10.0
748,cell_505,cell_539,86.83317338436964
749,cell_539,cell_550,86.53323061113575
750,cell_568,cell_580,154.20765220960988
751,cell_889,cell_898,127.62444906835053
752,cell_898,cell_906,82.80096617793781
753,cell_444,cell_469,176.0
754,cell_550,cell_568,46.861498055439924
755,cell_128,cell_153,183.61949203123393
756,cell_236,cell_243,122.06555615733703
757,cell_568,cell_620,42.645017650016285
758,cell_198,cell_200,177.58650920754832
759,cell_438,cell_469,40.24922359499622
760,cell_469,cell_505,95.0789145920377
761,cell_76,cell_93,102.95630140987001
762,cell_93,cell_127,55.46169849544819
763,cell_872,cell_876,142.50614021858848
764,cell_615,cell_620,82.21921916437786
765,cell_568,cell_594,173.01429342496806
766,cell_594,cell_620,11.803011521241308
767,cell_724,cell_729,6.0
768,cell_200,cell_243,10.198039027185569
769,cell_539,cell_568,73.348483283569
770,cell_594,cell_615,143.17821063276352
771,cell_200,cell_236,97.6933979345585
772,cell_615,cell_626,163.66038793678075
773,cell_620,cell_626,64.03124237432849
774,cell_620,cell_639,78.11428571428587
775,cell_870,cell_872,16.630557530851984
776,cell_93,cell_128,159.05279951440977
777,cell_626,cell_639,163.67040050051813
778,cell_429,cell_438,193.28832155082222
779,cell_429,cell_469,90.97252332435328
780,cell_876,cell_889,58.137767414994535
781,cell_10,cell_34,148.08105888330215
782,cell_34,cell_62,176.47662734764623
783,cell_906,cell_912,88.36288813749809
784,cell_153,cell_200,36.918469376025975
785,cell_870,cell_876,137.53544997563355
786,cell_898,cell_912,110.45361017187261
787,cell_62,cell_93,72.80109889280519
788,cell_226,cell_236,319.6810910892291
789,cell_505,cell_540,30.473990391292798
790,cell_539,cell_540,74.94856864237954
791,cell_505,cell_511,87.42588163709755
792,cell_511,cell_540,68.1305184087459
793,cell_889,cell_893,70.02856560004639
794,cell_197,cell_200,129.07362240210043
795,cell_153,cell_197,101.39033484509261
796,cell_469,cell_511,47.53945729601885
797,cell_876,cell_893,12.649110640673518
798,cell_893,cell_898,110.63453348751464
799,cell_912,cell_914,105.26157893552613
800,cell_558,cell_568,109.5627673984187
801,cell_411,cell_429,161.83942659315127
802,cell_539,cell_558,14.560219778561036
803,cell_521,cell_540,78.0018813469893
804,cell_521,cell_539,16.171576828635352
805,cell_724,cell_770,132.48396129343357
806,cell_521,cell_558,160.46183346827368
807,cell_469,cell_481,163.22989922192565
808,cell_34,cell_93,106.45186705737011
809,cell_429,cell_481,6.0
810,cell_429,cell_470,55.569775957799216
811,cell_470,cell_481,147.75655653811103
812,cell_200,cell_226,61.220911460055866
813,cell_710,cell_724,195.48913013259843
814,cell_28,cell_34,294.76770515102226
815,cell_481,cell_511,38.05259518088089
816,cell_511,cell_521,112.8007092176286
817,cell_558,cell_594,59.0592922409336
818,cell_128,cell_130,221.19177298491178
819,cell_429,cell_445,153.88307249337075
820,cell_876,cell_878,11.661903789690601
821,cell_445,cell_470,112.60550608207397
822,cell_130,cell_153,79.62411694957753
823,cell_870,cell_878,117.79643458101778
824,cell_593,cell_615,36.476289754963595
825,cell_593,cell_594,60.03332407921454
826,cell_898,cell_907,58.240879114244144
827,cell_907,cell_914,113.29607230614837
828,cell_593,cell_626,67.71848393698419
829,cell_593,cell_639,48.08326112068523
830,cell_226,cell_273,183.8238228773041
831,cell_197,cell_226,60.4648658313239
832,cell_770,cell_790,199.69977466186586
833,cell_493,cell_511,42.42640687119285
834,cell_481,cell_493,93.50935782048768
835,cell_893,cell_907,68.0
836,cell_639,cell_645,130.98091464026353
837,cell_93,cell_94,93.38094023943002
838,cell_130,cell_197,78.81624198095213
839,cell_93,cell_130,4.804282167012495
840,cell_558,cell_593,93.637599285757
841,cell_94,cell_130,157.0350279396288
842,cell_868,cell_870,99.4786409235671
843,cell_226,cell_230,158.15366074831022
844,cell_230,cell_273,125.56347607455525
845,cell_593,cell_645,50.99019513592785
846,cell_493,cell_521,66.27216610312357
847,cell_34,cell_94,24.166091947189145
848,cell_724,cell_755,140.42791745233566
849,cell_197,cell_230,39.84971769034255
850,cell_411,cell_445,64.62197768561404
851,cell_755,cell_770,74.0
852,cell_645,cell_710,34.92849839314596
853,cell_28,cell_94,73.348483283569
854,cell_878,cell_893,32.937199038144854
855,cell_470,cell_493,17.88854381999832
856,cell_461,cell_470,72.44308110509934
857,cell_445,cell_461,150.0133327407934
858,cell_892,cell_893,114.43775600735974
859,cell_868,cell_878,143.68020044529447
860,cell_892,cell_907,110.9414259868693
861,cell_155,cell_197,100.4987562112089
862,cell_599,cell_645,91.78235124467012
863,cell_593,cell_599,188.22327167489146
864,cell_130,cell_155,229.95651762887695
865,cell_461,cell_493,24.08318915758459
866,cell_411,cell_416,173.95401691251627
867,cell_878,cell_892,50.91168824543142
868,cell_606,cell_645,130.23056476879765
869,cell_155,cell_230,8.0
870,cell_907,cell_916,57.201398584300364
871,cell_710,cell_755,131.0267148332736
872,cell_521,cell_523,108.16653826391968
873,cell_214,cell_230,94.40338976964757
874,cell_155,cell_214,122.11470017978998
875,cell_599,cell_606,231.10170921046864
876,cell_491,cell_493,116.15506876585283
877,cell_491,cell_521,22.80350850198276
878,cell_250,cell_273,108.29589096544707
879,cell_461,cell_491,39.84971769034255
880,cell_558,cell_566,108.01851693112621
881,cell_566,cell_593,36.05551275463989
882,cell_758,cell_770,102.2154587134451
883,cell_416,cell_445,90.50966799187809
884,cell_230,cell_250,190.68298298484845
885,cell_491,cell_523,143.13629868066312
886,cell_878,cell_881,140.356688476182
887,cell_881,cell_892,66.24198064671678
888,cell_28,cell_60,170.95028517086482
889,cell_755,cell_758,143.01048912579805
890,cell_60,cell_94,205.8834621818858
891,cell_566,cell_599,28.284271247461902
892,cell_892,cell_916,82.46211251235322
893,cell_94,cell_155,136.02940858505562
894,cell_461,cell_475,128.06248474865697
895,cell_475,cell_491,48.82622246293481
896,cell_865,cell_868,207.2825819237601
897,cell_552,cell_566,106.6770828247567
898,cell_214,cell_250,90.97252332435328
899,cell_552,cell_599,72.47068372797375
900,cell_606,cell_623,335.2610922848042
901,cell_403,cell_416,230.0
902,cell_416,cell_461,83.23460818673925
903,cell_770,cell_771,77.20103626247513
904,cell_758,cell_771,190.68298298484845
905,cell_883,cell_892,97.52948272189288
906,cell_881,cell_883,152.80052355931247
907,cell_467,cell_491,118.40608092492548
908,cell_523,cell_552,29.268413007882565
909,cell_467,cell_475,163.21764610482532
910,cell_155,cell_170,172.9855485293497
911,cell_552,cell_606,54.91812087098393
912,cell_790,cell_794,144.4714504668656
913,cell_771,cell_790,55.71355310873648
914,cell_170,cell_214,56.32051136131489
915,cell_892,cell_903,145.38225476308997
916,cell_868,cell_881,49.053017873426974
917,cell_44,cell_60,242.49536078036627
918,cell_710,cell_758,82.46211251235322
919,cell_416,cell_475,56.142675390472796
920,cell_883,cell_903,72.80109889280519
921,cell_94,cell_170,30.0
922,cell_671,cell_710,65.29931086925804
923,cell_552,cell_574,143.024473430249
924,cell_574,cell_606,52.15361924162119
925,cell_623,cell_631,289.10897599348243
926,cell_794,cell_820,205.92231544929754
927,cell_514,cell_523,90.35485598461214
928,cell_771,cell_794,157.83535725559088
929,cell_631,cell_649,258.19815195071845
930,cell_199,cell_214,193.86593305684215
931,cell_491,cell_514,35.608987629529715
932,cell_170,cell_199,141.8731828077456
933,cell_94,cell_138,156.8948692596415
934,cell_138,cell_170,124.53112060846478
935,cell_574,cell_623,50.59644256269407
936,cell_865,cell_881,53.94242841344588
937,cell_903,cell_908,114.76933388322858
938,cell_839,cell_865,14.142135623730951
939,cell_467,cell_514,36.22154055254967
940,cell_416,cell_467,60.4648658313239
941,cell_710,cell_715,103.24727599312246
942,cell_671,cell_715,183.6736235827017
943,cell_60,cell_104,97.6933979345585
944,cell_94,cell_104,34.058772731852805
945,cell_839,cell_857,328.4935311387425
946,cell_857,cell_865,128.14054783713078
947,cell_104,cell_138,180.54362353736008
948,cell_649,cell_671,214.83016547961788
949,cell_883,cell_899,100.0
950,cell_899,cell_903,21.633307652783937
951,cell_710,cell_745,66.57326790837296
952,cell_214,cell_264,34.17601498127012
953,cell_871,cell_881,34.92849839314596
954,cell_871,cell_883,35.38361202590826
955,cell_745,cell_758,108.24047302187847
956,cell_264,cell_303,175.08450169787864
957,cell_592,cell_623,34.058772731852805
958,cell_574,cell_592,133.46160496562297
959,cell_899,cell_908,130.0
960,cell_503,cell_514,100.65783625729296
961,cell_865,cell_871,156.98407562552325
962,cell_467,cell_503,115.13470371699404
963,cell_592,cell_631,66.24198064671678
964,cell_514,cell_538,69.85699678629192
965,cell_44,cell_104,52.49761899362675
966,cell_883,cell_885,128.51459061133875
967,cell_199,cell_264,136.85028315644803
968,cell_871,cell_885,80.049984384758
969,cell_416,cell_424,134.16407864998737
970,cell_424,cell_467,107.33126291998991
971,cell_715,cell_745,76.96752561957543
972,cell_538,cell_574,11.11704469100646
973,cell_538,cell_546,122.14745187681976
974,cell_546,cell_574,40.44749683231337
975,cell_503,cell_538,46.17358552246078
976,cell_745,cell_771,62.80127387243033
977,cell_403,cell_424,179.61069010501575
978,cell_546,cell_592,98.08159868191383
979,cell_168,cell_199,231.9051530259731
980,cell_168,cell_170,50.039984012787215
981,cell_138,cell_168,101.86265262597475
982,cell_44,cell_66,177.9100896520487
983,cell_609,cell_631,38.62641583165593
984,cell_592,cell_609,136.5283853270081
985,cell_66,cell_104,105.54619841567009
986,cell_885,cell_899,100.31948963187563
987,cell_609,cell_649,45.33603009748409
988,cell_244,cell_264,18.0
989,cell_244,cell_303,85.27602242131137
990,cell_199,cell_244,194.28844535895593
991,cell_864,cell_865,50.99019513592785
992,cell_857,cell_864,217.3660507070964
993,cell_788,cell_794,174.01149387324966
994,cell_864,cell_871,146.21901381147393
995,cell_680,cell_715,164.07315441594946
996,cell_871,cell_879,132.5745073534124
997,cell_879,cell_885,161.05899540230592
998,cell_680,cell_745,127.90621564255585
999,cell_771,cell_788,77.89736837660179
1000,cell_649,cell_650,78.92499999999997
1001,cell_745,cell_764,148.60686390607938
1002,cell_650,cell_671,98.79271228182775
1003,cell_764,cell_771,141.66156853571826
1004,cell_908,cell_911,57.271284253105414
1005,cell_467,cell_484,118.82760622010359
1006,cell_484,cell_503,56.85068161420758
1007,cell_432,cell_467,36.05551275463989
1008,cell_424,cell_432,264.40121028467325
1009,cell_104,cell_150,58.82176467941097
1010,cell_138,cell_150,34.17601498127012
1011,cell_609,cell_650,18.70175459682879
1012,cell_899,cell_911,63.90618123468183
1013,cell_671,cell_680,150.30635382444748
1014,cell_432,cell_484,107.20074626605917
1015,cell_274,cell_303,72.0
1016,cell_303,cell_321,8.94427190999916
1017,cell_150,cell_168,66.84309986827361
1018,cell_584,cell_592,42.190046219457976
1019,cell_244,cell_274,205.2997808084558
1020,cell_503,cell_516,58.240879114244144
1021,cell_836,cell_839,246.34934544260514
1022,cell_274,cell_321,118.15244390193544
1023,cell_584,cell_609,83.23460818673925
1024,cell_764,cell_788,108.01851693112621
1025,cell_546,cell_584,94.76286192385707
1026,cell_102,cell_104,188.67962264113208
1027,cell_168,cell_244,89.28605714219886
1028,cell_102,cell_150,76.23647421018367
1029,cell_484,cell_516,196.9771560359221
1030,cell_403,cell_404,43.68065933568311
1031,cell_879,cell_899,58.309518948453004
1032,cell_66,cell_102,28.284271247461902
1033,cell_404,cell_424,215.0348808914498
1034,cell_516,cell_546,86.83317338436964
1035,cell_159,cell_168,90.97252332435328
1036,cell_899,cell_902,69.77105417004964
1037,cell_150,cell_159,116.0
1038,cell_902,cell_911,125.25174649480941
1039,cell_650,cell_680,17.88854381999832
1040,cell_29,cell_66,26.0
1041,cell_546,cell_556,69.07966415668217
1042,cell_632,cell_650,85.5102333057278
1043,cell_556,cell_584,137.8985134075056
1044,cell_632,cell_680,90.9065454189081
1045,cell_864,cell_879,90.97252332435328
1046,cell_737,cell_745,49.193495504995376
1047,cell_680,cell_737,49.678969393496885
1048,cell_879,cell_902,43.266615305567875
1049,cell_680,cell_702,240.871348325989
1050,cell_132,cell_150,55.60575509783138
1051,cell_102,cell_132,72.47068372797375
1052,cell_516,cell_556,53.85164807134504
1053,cell_168,cell_171,113.718951806636
1054,cell_460,cell_484,169.19810873647495
1055,cell_159,cell_171,156.98407562552325
1056,cell_432,cell_460,364.0
1057,cell_168,cell_219,112.60550608207397
1058,cell_219,cell_244,73.78346698278686
1059,cell_737,cell_764,70.3420215802759
1060,cell_321,cell_337,141.1523999087511
1061,cell_823,cell_836,124.85191228010886
1062,cell_764,cell_782,104.80458005259122
1063,cell_702,cell_737,110.43550153822818
1064,cell_782,cell_788,139.62807740565648
1065,cell_879,cell_890,119.23086848631104
1066,cell_890,cell_902,125.1718818265508
1067,cell_244,cell_251,93.05912099305473
1068,cell_274,cell_280,226.06193841511666
1069,cell_251,cell_274,58.137767414994535
1070,cell_280,cell_321,139.16896205691842
1071,cell_680,cell_683,15.769354919072592
1072,cell_683,cell_702,135.81077170026836
1073,cell_132,cell_159,96.04165762834376
1074,cell_632,cell_683,55.569775957799216
1075,cell_836,cell_857,64.40496875241847
1076,cell_911,cell_915,10.0
1077,cell_516,cell_519,146.12323566086263
1078,cell_519,cell_556,147.5127113166862
1079,cell_856,cell_857,145.67086187704115
1080,cell_902,cell_915,95.70788891204319
1081,cell_869,cell_879,67.468511173732
1082,cell_864,cell_869,188.04254837669055
1083,cell_29,cell_54,184.69434208984313
1084,cell_617,cell_632,213.41040274550818
1085,cell_617,cell_683,38.2099463490856
1086,cell_804,cell_820,70.9365914038728
1087,cell_171,cell_194,154.1557653803451
1088,cell_194,cell_219,53.85164807134504
1089,cell_219,cell_251,44.721359549995796
1090,cell_856,cell_864,58.034472514187634
1091,cell_869,cell_890,94.33981132056604
1092,cell_737,cell_739,170.88007490635061
1093,cell_739,cell_764,56.85068161420758
1094,cell_251,cell_280,120.83045973594572
1095,cell_54,cell_74,126.49110640673517
1096,cell_22,cell_29,146.87409574189726
1097,cell_836,cell_856,76.4198926981712
1098,cell_764,cell_767,87.36131867136622
1099,cell_767,cell_782,207.57649192526594
1100,cell_617,cell_666,121.21056059601408
1101,cell_666,cell_683,101.9803902718557
1102,cell_404,cell_432,155.60205654167942
1103,cell_584,cell_585,54.037024344425184
1104,cell_782,cell_804,158.84305438186155
1105,cell_556,cell_585,68.41052550594829
1106,cell_74,cell_132,32.2490309931942
1107,cell_219,cell_224,106.16967551989597
1108,cell_224,cell_251,84.5931439302264
1109,cell_585,cell_617,75.31268153505093
1110,cell_22,cell_54,74.96665925596525
1111,cell_836,cell_840,162.78820596099706
1112,cell_823,cell_840,264.12118430750684
1113,cell_132,cell_171,8.246211251235321
1114,cell_194,cell_224,106.30145812734649
1115,cell_739,cell_767,164.1097193952875
1116,cell_484,cell_519,46.51881339845203
1117,cell_124,cell_132,172.5688268488837
1118,cell_124,cell_171,108.40664186294121
1119,cell_863,cell_864,68.11754546370561
1120,cell_804,cell_823,124.06449935416659
1121,cell_856,cell_863,118.18629362155326
1122,cell_863,cell_869,135.35139452550905
1123,cell_909,cell_915,60.8276253029822
1124,cell_74,cell_124,93.03762679690406
1125,cell_902,cell_909,65.5133574166368
1126,cell_484,cell_494,62.6418390534633
1127,cell_891,cell_902,47.20169488482379
1128,cell_890,cell_891,131.24023773218335
1129,cell_460,cell_494,181.0414317221337
1130,cell_321,cell_327,49.47726750741192
1131,cell_327,cell_337,192.16659439142902
1132,cell_20,cell_22,145.43727170158274
1133,cell_280,cell_291,189.52572384771415
1134,cell_519,cell_585,32.2490309931942
1135,cell_291,cell_321,12.0
1136,cell_869,cell_891,11.313708498984761
1137,cell_291,cell_327,28.635642126552707
1138,cell_683,cell_692,65.5133574166368
1139,cell_22,cell_42,130.0
1140,cell_494,cell_519,77.15315373569297
1141,cell_42,cell_54,60.166435825965294
1142,cell_400,cell_404,110.0
1143,cell_910,cell_915,19.697715603592208
1144,cell_909,cell_910,137.7679207943562
1145,cell_869,cell_882,108.81176406988355
1146,cell_882,cell_891,64.40496875241847
1147,cell_692,cell_739,55.31726674375732
1148,cell_891,cell_909,102.39140588936164
1149,cell_666,cell_692,43.9089968002003
1150,cell_124,cell_194,6.0
1151,cell_124,cell_169,133.2066064427737
1152,cell_519,cell_529,124.6447846438457
1153,cell_169,cell_194,145.46477236774544
1154,cell_327,cell_329,212.4241040936739
1155,cell_585,cell_590,104.70912090166739
1156,cell_617,cell_655,40.496913462633174
1157,cell_251,cell_291,35.38361202590826
1158,cell_590,cell_617,177.62882648939615
1159,cell_42,cell_74,57.584720195551874
1160,cell_291,cell_329,146.0
1161,cell_519,cell_537,71.80529228406496
1162,cell_537,cell_585,53.25410782277739
1163,cell_228,cell_251,132.9661611087573
1164,cell_224,cell_228,111.57060544785082
1165,cell_655,cell_666,104.01922899156675
1166,cell_655,cell_692,213.84106247397855
1167,cell_529,cell_537,122.11470017978998
1168,cell_590,cell_655,72.10498288954312
1169,cell_846,cell_856,74.4043009509531
1170,cell_228,cell_291,99.29753269845128
1171,cell_72,cell_74,180.27756377319946
1172,cell_74,cell_109,26.0
1173,cell_109,cell_124,118.72657663724664
1174,cell_404,cell_421,8.246211251235321
1175,cell_421,cell_432,171.8254928699464
1176,cell_194,cell_228,6.0
1177,cell_389,cell_400,76.94153624668537
1178,cell_655,cell_739,69.9714227381436
1179,cell_891,cell_894,172.06975329789952
1180,cell_882,cell_894,166.37307474468338
1181,cell_804,cell_806,223.2576986354558
1182,cell_169,cell_228,93.05912099305473
1183,cell_494,cell_529,49.09218974162411
1184,cell_72,cell_109,80.99382692526635
1185,cell_400,cell_421,134.23859355639868
1186,cell_20,cell_42,103.94229168149026
1187,cell_852,cell_856,96.93296652842108
1188,cell_852,cell_863,111.13955191559843
1189,cell_537,cell_590,24.08318915758459
1190,cell_806,cell_823,76.02631123499285
1191,cell_42,cell_72,71.47027354082255
1192,cell_537,cell_563,141.20906486483082
1193,cell_563,cell_590,78.79086241436883
1194,cell_782,cell_789,123.96773773849388
1195,cell_789,cell_804,22.80350850198276
1196,cell_124,cell_147,106.92053123698928
1197,cell_846,cell_852,250.4795400826183
1198,cell_147,cell_169,235.07553010829494
1199,cell_494,cell_537,26.076809620810597
1200,cell_891,cell_910,16.1245154965971
1201,cell_840,cell_846,90.55385138137417
1202,cell_789,cell_806,213.5883891975404
1203,cell_655,cell_658,358.5420856964616
1204,cell_590,cell_658,34.26055131477607
1205,cell_767,cell_789,55.71355310873648
1206,cell_109,cell_147,56.142675390472796
1207,cell_894,cell_910,94.90784024707025
1208,cell_494,cell_530,139.2838827718412
1209,cell_910,cell_913,125.16514232153078
1210,cell_530,cell_537,103.76897416858277
1211,cell_590,cell_625,90.79647570252934
1212,cell_32,cell_42,147.95945390545344
1213,cell_72,cell_99,74.88658090739622
1214,cell_440,cell_460,105.84894897919393
1215,cell_99,cell_109,159.66214329013624
1216,cell_228,cell_259,117.33712115098103
1217,cell_32,cell_72,45.60701700396552
1218,cell_259,cell_291,96.20810776644555
1219,cell_195,cell_228,123.43419299367578
1220,cell_169,cell_195,68.71164629236958
1221,cell_822,cell_823,206.15528128088303
1222,cell_625,cell_658,117.45637488020819
1223,cell_806,cell_822,176.23847480048164
1224,cell_460,cell_482,103.22790320451152
1225,cell_482,cell_494,155.63566039862408
1226,cell_19,cell_20,135.79396157414365
1227,cell_329,cell_330,168.34488409215172
1228,cell_432,cell_440,40.44749683231337
1229,cell_767,cell_773,112.01785571952357
1230,cell_773,cell_789,39.395431207184416
1231,cell_20,cell_32,18.439088914585774
1232,cell_291,cell_330,46.389654018972806
1233,cell_421,cell_440,147.648230602334
1234,cell_99,cell_147,66.03029607687671
1235,cell_72,cell_78,106.73331251301067
1236,cell_32,cell_78,38.8329756778952
1237,cell_530,cell_563,95.79038107868669
1238,cell_19,cell_32,94.82615672903758
1239,cell_147,cell_195,142.73309682580097
1240,cell_329,cell_346,80.39900496896712
1241,cell_837,cell_840,86.83317338436964
1242,cell_837,cell_846,58.54912467321779
1243,cell_330,cell_346,131.71180660821565
1244,cell_563,cell_564,176.28386199536246
1245,cell_195,cell_259,89.82204629154248
1246,cell_773,cell_785,114.85643212288984
1247,cell_785,cell_789,204.83163818121457
1248,cell_78,cell_99,81.04319835741924
1249,cell_287,cell_291,144.05554484295286
1250,cell_259,cell_287,134.7145129523913
1251,cell_823,cell_837,68.41052550594829
1252,cell_287,cell_330,100.65783625729296
1253,cell_440,cell_482,33.94112549695428
1254,cell_894,cell_913,56.9558360401376
1255,cell_32,cell_64,96.33275663033837
1256,cell_64,cell_78,174.92855684535903
1257,cell_852,cell_859,154.8418548067673
1258,cell_875,cell_894,173.17043627594174
1259,cell_644,cell_658,139.71399357258383
1260,cell_875,cell_882,94.14881836751856
1261,cell_658,cell_704,173.95401691251627
1262,cell_99,cell_123,167.14065932620943
1263,cell_123,cell_147,85.90692637965812
1264,cell_482,cell_483,153.72314009671047
1265,cell_625,cell_644,158.10149946518115
1266,cell_564,cell_625,63.90618123468183
1267,cell_440,cell_483,90.79647570252934
1268,cell_147,cell_167,84.8528137423857
1269,cell_833,cell_846,107.5174404457249
1270,cell_123,cell_167,110.48129832828334
1271,cell_833,cell_837,119.81652640600127
1272,cell_822,cell_837,27.784887978899608
1273,cell_19,cell_25,78.02563681252464
1274,cell_167,cell_195,69.9714227381436
1275,cell_25,cell_32,159.81239000778382
1276,cell_494,cell_520,52.3450093132096
1277,cell_520,cell_530,128.3770770316879
1278,cell_744,cell_773,37.73592452822641
1279,cell_875,cell_913,75.6042326857432
1280,cell_520,cell_564,22.090722034374522
1281,cell_341,cell_346,96.18731725128839
1282,cell_822,cell_833,176.28386199536246
1283,cell_99,cell_100,58.54912467321779
1284,cell_78,cell_100,79.12016177940993
1285,cell_330,cell_341,10.0
1286,cell_483,cell_494,25.76883605646737
1287,cell_644,cell_704,78.79086241436883
1288,cell_235,cell_259,22.252669793456292
1289,cell_25,cell_64,14.142135623730951
1290,cell_100,cell_123,66.48308055437865
1291,cell_195,cell_235,111.15754585272202
1292,cell_287,cell_341,31.304951684997057
1293,cell_259,cell_262,66.11698768992878
1294,cell_235,cell_262,176.08992043715284
1295,cell_586,cell_625,85.62754765414968
1296,cell_564,cell_586,139.7855500400524
1297,cell_559,cell_564,153.07514494521962
1298,cell_262,cell_287,150.0133327407934
1299,cell_520,cell_559,25.298221281347036
1300,cell_744,cell_785,69.9714227381436
1301,cell_195,cell_196,124.78781991845197
1302,cell_25,cell_52,78.71467461661771
1303,cell_52,cell_64,141.6756859873987
1304,cell_483,cell_520,24.73863375370596
1305,cell_196,cell_235,88.02272433866155
1306,cell_849,cell_852,130.73637596323374
1307,cell_849,cell_859,219.31712199461307
1308,cell_341,cell_345,149.6262009141447
1309,cell_287,cell_345,21.540659228538015
1310,cell_474,cell_520,57.584720195551874
1311,cell_167,cell_196,55.46169849544819
1312,cell_520,cell_524,114.97825881443848
1313,cell_524,cell_559,167.05687654209268
1314,cell_785,cell_806,30.265491900843113
1315,cell_833,cell_852,48.0
1316,cell_474,cell_483,168.0
1317,cell_586,cell_644,9.55724322288324
1318,cell_904,cell_913,56.462376853972415
1319,cell_440,cell_474,114.49017425089369
1320,cell_875,cell_904,130.61393493804556
1321,cell_640,cell_644,215.82400237230334
1322,cell_586,cell_640,128.2497563350512
1323,cell_704,cell_711,243.1295950722577
1324,cell_25,cell_35,74.10802925459562
1325,cell_110,cell_123,167.2716964073126
1326,cell_100,cell_110,108.58521879512945
1327,cell_287,cell_325,149.03690818049066
1328,cell_325,cell_345,172.80046296234278
1329,cell_35,cell_52,149.30505684671232
1330,cell_341,cell_363,75.48219284488883
1331,cell_474,cell_524,136.7186892857008
1332,cell_110,cell_167,122.72858612001158
1333,cell_806,cell_808,72.27724399837061
1334,cell_785,cell_808,7.211102550927978
1335,cell_363,cell_364,82.07313811473277
1336,cell_785,cell_793,135.4843164355196
1337,cell_78,cell_82,50.99019513592785
1338,cell_82,cell_100,65.1554692844687
1339,cell_778,cell_785,58.309518948453004
1340,cell_640,cell_704,54.037024344425184
1341,cell_744,cell_778,127.7810627597063
1342,cell_793,cell_808,220.0
1343,cell_110,cell_196,76.23647421018367
1344,cell_559,cell_586,102.95630140987001
1345,cell_378,cell_381,76.96752561957543
1346,cell_833,cell_849,37.73592452822641
1347,cell_875,cell_897,76.55063683601855
1348,cell_859,cell_875,62.03224967708329
1349,cell_778,cell_793,135.20355024924456
1350,cell_64,cell_82,88.81441324469807
1351,cell_897,cell_904,237.39418695494632
1352,cell_711,cell_744,111.60645142642964
1353,cell_212,cell_235,149.26486525636233
1354,cell_196,cell_212,146.0
1355,cell_431,cell_440,150.05332385522155
1356,cell_640,cell_711,39.84971769034255
1357,cell_832,cell_833,133.2816566523691
1358,cell_875,cell_886,36.05551275463989
1359,cell_82,cell_110,14.093730376722581
1360,cell_832,cell_849,175.60182231400674
1361,cell_287,cell_307,127.81236246936366
1362,cell_262,cell_307,50.35871324805669
1363,cell_341,cell_356,46.21119431643426
1364,cell_874,cell_875,201.43485299222675
1365,cell_345,cell_356,69.57010852370435
1366,cell_886,cell_897,293.86391408269236
1367,cell_874,cell_886,199.24858845171275
1368,cell_110,cell_114,297.3213749463701
1369,cell_82,cell_114,184.33486557803644
1370,cell_356,cell_364,254.77833502870686
1371,cell_473,cell_474,211.40482492128697
1372,cell_859,cell_874,82.21921916437786
1373,cell_440,cell_473,22.80350850198276
1374,cell_52,cell_65,28.42534080710379
1375,cell_64,cell_65,36.76955262170047
1376,cell_640,cell_663,116.36150566231085
1377,cell_663,cell_711,189.84203960134857
1378,cell_822,cell_824,32.0624390837628
1379,cell_824,cell_833,205.7668583615933
1380,cell_110,cell_175,103.32473082471591
1381,cell_175,cell_196,84.970583144992
1382,cell_65,cell_82,254.491941297657
1383,cell_307,cell_325,83.23460818673925
1384,cell_744,cell_750,212.56528408938277
1385,cell_431,cell_473,124.73972903610141
1386,cell_750,cell_778,76.4198926981712
1387,cell_35,cell_65,63.90618123468183
1388,cell_253,cell_262,134.13426109685773
1389,cell_628,cell_640,146.4923206178399
1390,cell_253,cell_307,31.622776601683793
1391,cell_586,cell_628,113.70136322841516
1392,cell_559,cell_577,4.47213595499958
1393,cell_577,cell_586,172.01162751395617
1394,cell_235,cell_253,20.591260281974
1395,cell_524,cell_577,42.80186911806539
1396,cell_510,cell_524,188.52055590836773
1397,cell_212,cell_253,108.90362712049586
1398,cell_325,cell_356,118.27833292884554
1399,cell_663,cell_744,55.71355310873648
1400,cell_474,cell_510,63.245553203367585
1401,cell_253,cell_302,67.94115100585212
1402,cell_175,cell_212,58.0
1403,cell_302,cell_307,73.23933369440222
1404,cell_859,cell_860,178.71765441612084
1405,cell_628,cell_663,118.79393923933998
1406,cell_510,cell_577,55.29561315773468
1407,cell_778,cell_781,98.18350166906862
1408,cell_849,cell_860,123.43419299367578
1409,cell_364,cell_378,116.61903789690601
1410,cell_418,cell_431,254.2833065696606
1411,cell_750,cell_781,69.9714227381436
1412,cell_808,cell_824,64.1248781675256
1413,cell_781,cell_793,26.68332812825267
1414,cell_114,cell_175,91.23595782365635
1415,cell_860,cell_874,128.14054783713078
1416,cell_325,cell_332,125.25174649480941
1417,cell_307,cell_332,30.528675044947494
1418,cell_473,cell_510,14.422205101855956
1419,cell_211,cell_212,118.87808881370864
1420,cell_497,cell_510,153.1012736720371
1421,cell_175,cell_211,74.88658090739622
1422,cell_824,cell_832,331.30650461468457
1423,cell_663,cell_750,16.0
1424,cell_577,cell_628,4.0
1425,cell_473,cell_497,79.64923100695951
1426,cell_253,cell_258,178.39282496782207
1427,cell_608,cell_628,115.96551211459379
1428,cell_258,cell_302,77.27871634544663
1429,cell_577,cell_608,90.9065454189081
1430,cell_793,cell_796,117.04699910719626
1431,cell_781,cell_796,62.03224967708329
1432,cell_663,cell_706,256.82678987987214
1433,cell_706,cell_750,50.0
1434,cell_510,cell_544,135.1383684430196
1435,cell_544,cell_577,64.84721872807984
1436,cell_211,cell_253,52.80151512977634
1437,cell_750,cell_777,32.2490309931942
1438,cell_777,cell_781,98.48857801796105
1439,cell_463,cell_473,112.16059914247963
1440,cell_849,cell_851,102.17631819555841
1441,cell_431,cell_463,64.4980619863884
1442,cell_832,cell_851,76.15773105863909
1443,cell_796,cell_808,178.61690849412886
1444,cell_463,cell_497,127.7810627597063
1445,cell_851,cell_860,222.80035906613796
1446,cell_706,cell_748,69.57010852370435
1447,cell_748,cell_750,162.0
1448,cell_748,cell_777,40.049968789001575
1449,cell_175,cell_182,110.45361017187261
1450,cell_182,cell_211,151.22169156572744
1451,cell_325,cell_347,58.34423497409658
1452,cell_347,cell_356,142.93360230188478
1453,cell_211,cell_258,30.42651369088664
1454,cell_65,cell_68,303.2688576164721
1455,cell_332,cell_347,72.47068372797375
1456,cell_867,cell_874,72.11102550927978
1457,cell_114,cell_182,50.039984012787215
1458,cell_746,cell_781,52.3450093132096
1459,cell_867,cell_886,137.7679207943562
1460,cell_746,cell_796,114.97825881443848
1461,cell_577,cell_581,120.41594578792295
1462,cell_581,cell_608,108.07404868885037
1463,cell_65,cell_114,86.19030086942308
1464,cell_746,cell_777,100.0
1465,cell_258,cell_284,71.69379331573968
1466,cell_284,cell_302,68.26419266350405
1467,cell_302,cell_310,81.4504229307095
1468,cell_497,cell_544,84.38009243891595
1469,cell_211,cell_256,123.63305040885628
1470,cell_405,cell_418,192.01041638411183
1471,cell_735,cell_748,187.8084130170957
1472,cell_735,cell_777,23.323807579381203
1473,cell_256,cell_258,94.6708583306529
1474,cell_860,cell_867,151.22169156572744
1475,cell_418,cell_463,75.17978451685
1476,cell_332,cell_338,33.28663395418648
1477,cell_735,cell_746,234.64867355261143
1478,cell_114,cell_145,190.16834647227702
1479,cell_65,cell_145,26.0
1480,cell_832,cell_842,172.5340546095176
1481,cell_842,cell_851,123.0447073221762
1482,cell_256,cell_284,93.07849216622755
1483,cell_145,cell_182,111.89280584559492
1484,cell_706,cell_735,86.92525524840292
1485,cell_338,cell_347,73.59347797189639
1486,cell_560,cell_581,136.49908424601244
1487,cell_68,cell_145,114.6298390472568
1488,cell_851,cell_867,66.24198064671678
1489,cell_295,cell_302,63.094496363952175
1490,cell_284,cell_295,63.42250558419124
1491,cell_581,cell_603,124.01612798341996
1492,cell_310,cell_338,146.4923206178399
1493,cell_418,cell_435,94.02127418834527
1494,cell_295,cell_310,28.622288109689027
1495,cell_405,cell_435,78.81624198095213
1496,cell_435,cell_463,18.973665961010276
1497,cell_347,cell_352,85.44003745317531
1498,cell_398,cell_405,201.61349161204464
1499,cell_463,cell_500,34.40930106817051
1500,cell_497,cell_500,123.69316876852982
1501,cell_746,cell_780,186.81541692269406
1502,cell_338,cell_352,233.52944139872386
1503,cell_462,cell_463,192.66551326067673
1504,cell_851,cell_858,216.0
1505,cell_780,cell_796,168.23792675850473
1506,cell_435,cell_462,28.319532083419737
1507,cell_880,cell_886,126.0
1508,cell_68,cell_85,256.6398254363496
1509,cell_211,cell_220,135.20355024924456
1510,cell_182,cell_220,65.39113089708727
1511,cell_462,cell_500,173.04745042906606
1512,cell_858,cell_867,28.635642126552707
1513,cell_256,cell_295,25.402909904142764
1514,cell_352,cell_356,37.73592452822641
1515,cell_842,cell_858,99.29753269845128
1516,cell_867,cell_880,224.72205054244233
1517,cell_435,cell_452,132.9903971052373
1518,cell_398,cell_435,98.99494936611666
1519,cell_452,cell_462,168.62334591673013
1520,cell_220,cell_256,10.198039027185569
1521,cell_145,cell_184,69.31089380465383
1522,cell_182,cell_184,96.66436778875658
1523,cell_256,cell_257,82.0
1524,cell_281,cell_295,28.0
1525,cell_256,cell_281,61.35144660071187
1526,cell_220,cell_257,96.46050219406015
1527,cell_565,cell_581,6.324555320336759
1528,cell_721,cell_746,182.70194306574848
1529,cell_560,cell_565,166.01204775557707
1530,cell_565,cell_603,96.60227740586657
1531,cell_721,cell_780,108.16653826391968
1532,cell_257,cell_281,180.27756377319946
1533,cell_68,cell_140,20.09975124224178
1534,cell_140,cell_145,185.0837648201484
1535,cell_85,cell_140,24.73863375370596
1536,cell_832,cell_835,144.27751037497146
1537,cell_835,cell_842,163.1318485152424
1538,cell_184,cell_220,61.35144660071187
1539,cell_780,cell_784,303.66428831853113
1540,cell_814,cell_824,99.53538474053805
1541,cell_814,cell_832,116.49892703368559
1542,cell_140,cell_184,28.071337695236398
1543,cell_85,cell_115,145.83552379307312
1544,cell_115,cell_140,193.5355264544471
1545,cell_500,cell_527,117.45637488020819
1546,cell_140,cell_178,47.20169488482379
1547,cell_178,cell_184,105.60303025955268
1548,cell_398,cell_427,56.568542494923804
1549,cell_427,cell_435,127.12198865656563
1550,cell_780,cell_814,12.0
1551,cell_281,cell_311,63.655321851358195
1552,cell_206,cell_220,145.601410839005
1553,cell_462,cell_471,100.4987562112089
1554,cell_555,cell_565,198.6046433996604
1555,cell_184,cell_206,83.35466393669883
1556,cell_527,cell_555,213.84106247397855
1557,cell_784,cell_814,68.26419266350405
1558,cell_452,cell_471,90.44335243676011
1559,cell_352,cell_370,40.496913462633174
1560,cell_115,cell_178,98.02040603874276
1561,cell_652,cell_721,55.78530272392541
1562,cell_427,cell_452,69.57010852370435
1563,cell_370,cell_374,153.1012736720371
1564,cell_338,cell_344,110.9414259868693
1565,cell_388,cell_398,198.16155025635018
1566,cell_388,cell_427,47.07440918375928
1567,cell_855,cell_858,68.87670143089025
1568,cell_178,cell_206,68.11754546370561
1569,cell_257,cell_311,24.08318915758459
1570,cell_814,cell_835,77.17512552629896
1571,cell_423,cell_452,75.8946638440411
1572,cell_423,cell_471,140.12851244482687
1573,cell_652,cell_688,195.8979326077741
1574,cell_688,cell_721,60.0
1575,cell_423,cell_427,176.1817243643619
1576,cell_784,cell_802,161.55494421403512
1577,cell_802,cell_814,152.55163060419906
1578,cell_388,cell_423,133.46160496562297
1579,cell_835,cell_844,86.83317338436964
1580,cell_201,cell_206,153.88307249337075
1581,cell_178,cell_201,103.47946656221224
1582,cell_814,cell_827,145.89036979869508
1583,cell_827,cell_835,170.57549648176317
1584,cell_844,cell_845,185.43378458869947
1585,cell_827,cell_844,132.13629327327143
1586,cell_57,cell_115,63.150613615387776
1587,cell_845,cell_855,117.09824934643558
1588,cell_374,cell_377,146.16331215073922
1589,cell_499,cell_527,85.47271462988718
1590,cell_555,cell_604,26.0
1591,cell_765,cell_802,180.0999722376436
1592,cell_652,cell_654,145.13442045221387
1593,cell_146,cell_178,10.198039027185569
1594,cell_791,cell_802,145.89036979869508
1595,cell_311,cell_340,51.22499389946279
1596,cell_791,cell_814,34.0
1597,cell_146,cell_201,195.48913013259843
1598,cell_604,cell_652,67.05221845696084
1599,cell_311,cell_322,88.02272433866155
1600,cell_850,cell_855,138.40520221436765
1601,cell_555,cell_567,161.55494421403512
1602,cell_377,cell_388,49.39635614091387
1603,cell_567,cell_604,156.32018423735306
1604,cell_471,cell_472,94.25497334358543
1605,cell_57,cell_146,93.91485505499116
1606,cell_388,cell_390,121.75896571075026
1607,cell_388,cell_396,149.6544744815496
1608,cell_791,cell_827,111.94641575325224
1609,cell_688,cell_698,164.0
1610,cell_390,cell_396,129.9953024294992
1611,cell_654,cell_688,45.60701700396552
1612,cell_322,cell_340,93.68030742904295
1613,cell_423,cell_472,18.439088914585774
1614,cell_388,cell_414,59.46585452988805
1615,cell_414,cell_423,144.9413674559475
1616,cell_396,cell_414,173.4559276896231
1617,cell_527,cell_567,20.0
1618,cell_423,cell_441,167.6305461424021
1619,cell_527,cell_532,94.76286192385707
1620,cell_441,cell_472,117.04699910719626
1621,cell_499,cell_532,122.93087488503447
1622,cell_377,cell_390,138.85555021452421
1623,cell_604,cell_654,64.03124237432849
1624,cell_848,cell_855,126.0634760745554
1625,cell_532,cell_567,166.7441699552927
1626,cell_654,cell_698,30.265491900843113
1627,cell_765,cell_791,227.72790781983662
1628,cell_490,cell_499,140.09864758367897
1629,cell_845,cell_848,108.90362712049586
1630,cell_848,cell_850,249.30302846134862
1631,cell_697,cell_698,162.11107303327555
1632,cell_827,cell_845,15.849452374603741
1633,cell_654,cell_697,92.0869154657707
1634,cell_472,cell_490,114.39845645173378
1635,cell_697,cell_730,83.5224520712844
1636,cell_797,cell_827,188.22327167489146
1637,cell_791,cell_797,493.62738983974543
1638,cell_827,cell_843,43.62436001355803
1639,cell_843,cell_845,81.89973261569145
1640,cell_414,cell_441,94.33981132056604
1641,cell_604,cell_613,130.50670480860362
1642,cell_613,cell_654,56.356011214421486
1643,cell_730,cell_765,20.396078054371138
1644,cell_797,cell_843,52.03844732503075
1645,cell_730,cell_747,181.8130908378162
1646,cell_567,cell_613,65.7875368135941
1647,cell_747,cell_765,286.27259736132623
1648,cell_441,cell_442,167.4873129523547
1649,cell_442,cell_472,89.22253008886575
1650,cell_843,cell_848,93.38094023943002
1651,cell_646,cell_654,160.79800993793424
1652,cell_340,cell_360,58.58708993340054
1653,cell_490,cell_532,114.54256850621083
1654,cell_613,cell_646,147.36349615830918
1655,cell_382,cell_390,99.48481001837513
1656,cell_697,cell_699,145.06550244630873
1657,cell_699,cell_730,147.63468427168462
1658,cell_382,cell_396,88.81441324469807
1659,cell_646,cell_697,26.68332812825267
1660,cell_567,cell_569,171.41760148309
1661,cell_414,cell_442,55.60575509783138
1662,cell_377,cell_382,172.73718709547643
1663,cell_797,cell_829,71.21797525905943
1664,cell_829,cell_843,123.0447073221762
1665,cell_396,cell_420,67.67569726275453
1666,cell_414,cell_420,121.45781160551181
1667,cell_373,cell_382,120.73108740416082
1668,cell_442,cell_490,74.027038357405
1669,cell_646,cell_699,38.05259518088089
1670,cell_569,cell_613,53.36665625650534
1671,cell_532,cell_569,102.73628956147934
1672,cell_747,cell_791,96.02083107326243
1673,cell_395,cell_396,103.94229168149026
1674,cell_382,cell_395,117.38824472663352
1675,cell_420,cell_442,92.34717104492157
1676,cell_797,cell_817,377.5764823184834
1677,cell_817,cell_829,186.76188047886004
1678,cell_646,cell_659,218.80585001320233
1679,cell_659,cell_699,75.47184905645283
1680,cell_843,cell_850,30.0
1681,cell_395,cell_420,124.25779653607253
1682,cell_517,cell_532,137.42941309585675
1683,cell_569,cell_589,118.15244390193544
1684,cell_490,cell_517,79.49425551142926
1685,cell_589,cell_613,89.55445270895244
1686,cell_382,cell_385,256.382526705702
1687,cell_829,cell_850,62.12889826803627
1688,cell_747,cell_754,304.2170277943035
1689,cell_754,cell_791,121.49074038789952
1690,cell_699,cell_712,165.13025161974412
1691,cell_712,cell_747,93.68030742904295
1692,cell_613,cell_621,102.52804494381037
1693,cell_621,cell_646,77.82030583337487
1694,cell_676,cell_699,41.036569057366385
1695,cell_659,cell_676,216.453228204155
1696,cell_376,cell_382,38.30938295714757
1697,cell_373,cell_376,81.63667788119186
1698,cell_385,cell_395,26.076809620810597
1699,cell_376,cell_385,196.9771560359221
1700,cell_392,cell_395,120.41594578792295
1701,cell_385,cell_392,115.25623627379127
1702,cell_676,cell_712,123.96773773849388
1703,cell_589,cell_621,186.17196351760379
1704,cell_367,cell_373,65.37151507809958
1705,cell_417,cell_420,65.29931086925804
1706,cell_395,cell_401,174.64249196572982
1707,cell_401,cell_420,66.60330322138685
1708,cell_817,cell_818,203.75677134570597
1709,cell_818,cell_829,63.245553203367585
1710,cell_621,cell_659,50.039984012787215
1711,cell_712,cell_754,4.0
1712,cell_357,cell_367,67.0743671447294
1713,cell_712,cell_740,104.30723848324239
1714,cell_740,cell_754,220.10906387516167
1715,cell_754,cell_797,18.110770276274835
1716,cell_754,cell_760,157.54364474646383
1717,cell_787,cell_797,173.17043627594174
1718,cell_367,cell_376,34.60559123302741
1719,cell_787,cell_817,52.90955440718997
1720,cell_401,cell_417,201.5341162185698
1721,cell_760,cell_797,38.62641583165593
1722,cell_376,cell_392,49.51767361255979
1723,cell_810,cell_829,61.18823416311342
1724,cell_810,cell_818,235.97457490161943
1725,cell_508,cell_517,165.42067585401773
1726,cell_358,cell_367,99.4514739507173
1727,cell_616,cell_621,172.80046296234278
1728,cell_358,cell_376,26.0
1729,cell_392,cell_401,38.8329756778952
1730,cell_616,cell_659,106.50821564555478
1731,cell_760,cell_787,188.09572031282372
1732,cell_392,cell_393,114.85643212288984
1733,cell_376,cell_393,37.36308338453881
1734,cell_787,cell_818,49.07449174667099
1735,cell_579,cell_589,131.62546207259186
1736,cell_357,cell_358,85.85580463075127
1737,cell_676,cell_682,121.60592090848209
1738,cell_682,cell_712,89.19641248391103
1739,cell_740,cell_760,183.35757415498276
1740,cell_393,cell_401,39.395431207184416
1741,cell_376,cell_384,228.0
1742,cell_384,cell_393,123.36936410632909
1743,cell_616,cell_676,46.51881339845203
1744,cell_787,cell_810,113.19661921070066
1745,cell_714,cell_740,140.0142849854971
1746,cell_579,cell_621,2.8284271247461903
1747,cell_616,cell_682,61.35144660071187
1748,cell_579,cell_616,133.2216198670471
1749,cell_358,cell_369,42.42640687119285
1750,cell_682,cell_714,90.97252332435328
1751,cell_798,cell_810,181.94597418486808
1752,cell_787,cell_798,165.40319547288726
1753,cell_801,cell_810,96.08329719571451
1754,cell_375,cell_384,158.11388300841898
1755,cell_407,cell_417,164.30459518832697
1756,cell_714,cell_760,86.02325267042627
1757,cell_798,cell_801,290.4134983088768
1758,cell_801,cell_825,213.06337085477645
1759,cell_656,cell_682,100.57832768544127
1760,cell_616,cell_656,195.34584715319647
1761,cell_534,cell_579,144.40221604947757
1762,cell_508,cell_534,181.24017214734707
1763,cell_366,cell_369,165.46903033498444
1764,cell_760,cell_763,176.4652940382329
1765,cell_763,cell_787,107.70329614269008
1766,cell_369,cell_375,100.71742649611338
1767,cell_656,cell_714,52.80151512977634
1768,cell_391,cell_407,98.50888284819801
1769,cell_375,cell_386,173.64331256918592
1770,cell_353,cell_366,131.60547101089682
1771,cell_47,cell_108,209.69501663129716
1772,cell_763,cell_798,41.23105625617661
1773,cell_386,cell_391,230.24334952393303
1774,cell_504,cell_508,34.52535300326414
1775,cell_825,cell_828,244.6630335788388
1776,cell_504,cell_534,191.049731745428
1777,cell_714,cell_736,122.70289320142373
1778,cell_736,cell_760,64.89992295835181
1779,cell_763,cell_801,124.78781991845197
1780,cell_534,cell_616,97.75479527879949
1781,cell_700,cell_714,84.8999411071645
1782,cell_656,cell_700,133.96665088758618
1783,cell_616,cell_627,70.3420215802759
1784,cell_736,cell_763,138.15932831336434
1785,cell_108,cell_161,133.2216198670471
1786,cell_417,cell_430,170.01176429882727
1787,cell_407,cell_430,42.190046219457976
1788,cell_534,cell_627,67.20119046564577
1789,cell_402,cell_407,132.43866504914644
1790,cell_391,cell_402,204.78281177872327
1791,cell_375,cell_379,8.246211251235321
1792,cell_379,cell_386,197.71696942852427
1793,cell_39,cell_47,291.43095237122634
1794,cell_627,cell_656,231.76712450216058
1795,cell_534,cell_561,241.00622398602076
1796,cell_47,cell_106,183.1829686406463
1797,cell_801,cell_807,230.7899477880265
1798,cell_106,cell_108,59.09314681077663
1799,cell_402,cell_430,88.81441324469807
1800,cell_656,cell_684,130.4192829668736
1801,cell_684,cell_700,36.69941871229466
1802,cell_807,cell_825,31.304951684997057
1803,cell_561,cell_627,72.99315036357864
1804,cell_106,cell_161,24.331050121192877
1805,cell_161,cell_187,116.27553482998907
1806,cell_786,cell_801,104.80458005259122
1807,cell_204,cell_277,112.08925015361643
1808,cell_763,cell_786,188.73261509341728
1809,cell_39,cell_106,101.9803902718557
1810,cell_813,cell_825,68.26419266350405
1811,cell_504,cell_561,180.05554698481245
1812,cell_807,cell_813,258.6426105652354
1813,cell_700,cell_736,16.0
1814,cell_685,cell_700,130.5526713629407
1815,cell_106,cell_152,115.96551211459379
1816,cell_152,cell_161,124.35433245367851
1817,cell_372,cell_379,184.19554826325202
1818,cell_685,cell_736,68.11754546370561
1819,cell_684,cell_685,119.35087593223382
1820,cell_734,cell_736,153.1012736720371
1821,cell_734,cell_763,34.058772731852805
1822,cell_425,cell_430,115.25623627379127
1823,cell_402,cell_425,141.4213562373095
1824,cell_813,cell_828,137.46272221951665
1825,cell_339,cell_353,37.73592452822641
1826,cell_578,cell_627,82.07313811473277
1827,cell_561,cell_578,227.98245546532743
1828,cell_487,cell_504,210.78899402008636
1829,cell_36,cell_39,361.0098481438483
1830,cell_379,cell_391,12.165525060596439
1831,cell_353,cell_359,28.635642126552707
1832,cell_187,cell_204,146.86047800548656
1833,cell_761,cell_763,174.72263734273244
1834,cell_152,cell_187,100.41912168506553
1835,cell_734,cell_761,128.56126943990557
1836,cell_339,cell_359,50.99019513592785
1837,cell_828,cell_838,93.72299611087985
1838,cell_786,cell_807,85.5102333057278
1839,cell_685,cell_734,50.0
1840,cell_106,cell_107,156.46085772486356
1841,cell_359,cell_372,41.23105625617661
1842,cell_39,cell_107,53.14132102234569
1843,cell_204,cell_240,209.78083801910984
1844,cell_275,cell_277,208.43910797879306
1845,cell_240,cell_277,19.78295768190946
1846,cell_339,cell_343,107.70329614269008
1847,cell_343,cell_359,79.39773296511683
1848,cell_107,cell_152,60.8276253029822
1849,cell_627,cell_629,193.13207915827965
1850,cell_578,cell_629,94.82615672903758
1851,cell_761,cell_786,20.09975124224178
1852,cell_240,cell_275,112.70537115174211
1853,cell_379,cell_380,98.73196037757987
1854,cell_359,cell_361,62.609903369994115
1855,cell_361,cell_372,158.61904047118682
1856,cell_656,cell_685,34.17949569530569
1857,cell_761,cell_766,179.74426277353055
1858,cell_766,cell_786,117.18361660232202
1859,cell_152,cell_204,21.633307652783937
1860,cell_656,cell_674,10.198039027185569
1861,cell_819,cell_828,158.4929020492716
1862,cell_674,cell_685,135.7645019878171
1863,cell_819,cell_838,42.941821107167776
1864,cell_36,cell_107,43.68065933568311
1865,cell_627,cell_674,66.75327707311455
1866,cell_277,cell_314,35.61500807207536
1867,cell_275,cell_314,65.49164700411225
1868,cell_372,cell_380,142.56226709757388
1869,cell_795,cell_807,86.09297300012354
1870,cell_343,cell_361,126.14277624977183
1871,cell_786,cell_795,162.82505949638096
1872,cell_36,cell_45,178.90779748239035
1873,cell_120,cell_152,118.96217886370441
1874,cell_107,cell_120,179.075403112767
1875,cell_813,cell_819,180.05554698481245
1876,cell_31,cell_36,21.51495584958452
1877,cell_36,cell_79,146.87409574189726
1878,cell_504,cell_578,46.04345773288535
1879,cell_834,cell_838,236.21176939348302
1880,cell_819,cell_834,100.65783625729296
1881,cell_31,cell_45,163.05674282906494
1882,cell_877,cell_895,93.05912099305473
1883,cell_79,cell_107,42.190046219457976
1884,cell_578,cell_598,152.8397853963424
1885,cell_598,cell_629,148.66068747318505
1886,cell_734,cell_742,127.7810627597063
1887,cell_742,cell_761,77.20103626247513
1888,cell_795,cell_813,28.071337695236398
1889,cell_45,cell_79,66.0
1890,cell_629,cell_674,186.26862323000083
1891,cell_504,cell_536,150.0133327407934
1892,cell_275,cell_292,146.34206503941374
1893,cell_292,cell_314,65.7875368135941
1894,cell_504,cell_570,8.94427190999916
1895,cell_570,cell_578,116.27553482998907
1896,cell_79,cell_120,54.037024344425184
1897,cell_242,cell_275,8.94427190999916
1898,cell_240,cell_242,165.27552752903256
1899,cell_795,cell_809,160.822883943797
1900,cell_809,cell_813,114.56002793295748
1901,cell_487,cell_536,37.94733192202055
1902,cell_242,cell_292,82.09750300709517
1903,cell_536,cell_570,130.23056476879765
1904,cell_343,cell_348,103.32473082471591
1905,cell_361,cell_380,103.57605900979242
1906,cell_766,cell_783,105.26157893552613
1907,cell_331,cell_343,5.250255343744041
1908,cell_783,cell_786,92.19544457292888
1909,cell_331,cell_348,94.02127418834527
1910,cell_193,cell_204,98.73196037757987
1911,cell_895,cell_900,112.58774356030055
1912,cell_819,cell_821,298.9648808806814
1913,cell_821,cell_834,244.0
1914,cell_742,cell_766,68.0294054067798
1915,cell_193,cell_240,39.698866482558415
1916,cell_866,cell_895,73.7563556583431
1917,cell_866,cell_900,109.14210919713803
1918,cell_71,cell_79,160.61133210331082
1919,cell_45,cell_71,69.31089380465383
1920,cell_348,cell_361,35.608987629529715
1921,cell_292,cell_331,14.0
1922,cell_79,cell_92,8.48528137423857
1923,cell_92,cell_120,122.06555615733703
1924,cell_866,cell_877,206.3492185592182
1925,cell_71,cell_92,76.55063683601855
1926,cell_193,cell_242,140.42791745233566
1927,cell_292,cell_309,140.0142849854971
1928,cell_309,cell_331,102.95630140987001
1929,cell_570,cell_598,108.75660899458019
1930,cell_783,cell_795,153.06207890917986
1931,cell_120,cell_136,166.10839834276894
1932,cell_834,cell_847,154.77725931156684
1933,cell_15,cell_31,80.62257748298549
1934,cell_809,cell_819,68.35202996254024
1935,cell_92,cell_136,118.92854997854805
1936,cell_861,cell_877,72.02777242147643
1937,cell_674,cell_679,142.04224723651762
1938,cell_757,cell_766,122.06555615733703
1939,cell_757,cell_783,72.11102550927978
1940,cell_742,cell_757,83.23460818673925
1941,cell_136,cell_193,16.492422502470642
1942,cell_309,cell_348,80.22468448052632
1943,cell_41,cell_71,74.02702209328699
1944,cell_602,cell_629,69.85699678629192
1945,cell_598,cell_602,83.23460818673925
1946,cell_41,cell_92,156.0
1947,cell_136,cell_163,157.63248396190426
1948,cell_163,cell_193,126.39300297998575
1949,cell_847,cell_861,46.17358552246078
1950,cell_731,cell_742,91.0823802938856
1951,cell_629,cell_630,170.18813119603846
1952,cell_800,cell_809,116.15506876585283
1953,cell_866,cell_888,215.25798475317936
1954,cell_888,cell_900,86.16263691415206
1955,cell_800,cell_819,88.54377448471462
1956,cell_795,cell_800,106.07544484940895
1957,cell_830,cell_834,216.81328372588243
1958,cell_6,cell_15,168.1071087134628
1959,cell_570,cell_602,86.09297300012354
1960,cell_830,cell_847,178.53851125177448
1961,cell_861,cell_866,124.96399481450646
1962,cell_242,cell_245,102.48902380255166
1963,cell_757,cell_776,94.33981132056604
1964,cell_731,cell_757,146.87409574189726
1965,cell_776,cell_783,126.82271089990152
1966,cell_629,cell_679,17.08800749063506
1967,cell_679,cell_701,189.32198044697563
1968,cell_847,cell_853,231.52537657889687
1969,cell_853,cell_861,139.6710420953463
1970,cell_602,cell_630,178.98603297464302
1971,cell_630,cell_679,112.16059914247963
1972,cell_309,cell_317,84.8999411071645
1973,cell_317,cell_348,67.23094525588644
1974,cell_173,cell_193,132.82970528166464
1975,cell_163,cell_173,172.52383399852806
1976,cell_193,cell_245,74.0
1977,cell_701,cell_731,120.0
1978,cell_92,cell_112,130.23056476879765
1979,cell_112,cell_136,83.35466393669883
1980,cell_300,cell_309,117.74548823628021
1981,cell_15,cell_41,81.70679286326198
1982,cell_135,cell_136,60.92618484691127
1983,cell_135,cell_163,125.25174649480941
1984,cell_245,cell_300,133.41664064126334
1985,cell_783,cell_800,14.142135623730951
1986,cell_800,cell_821,104.34557968596465
1987,cell_783,cell_792,76.96752561957543
1988,cell_792,cell_800,85.5102333057278
1989,cell_112,cell_135,176.23847480048164
1990,cell_853,cell_866,98.40731680114035
1991,cell_756,cell_757,147.58048651498612
1992,cell_756,cell_776,154.29624526936624
1993,cell_300,cell_317,146.17067274836
1994,cell_873,cell_888,153.80507143784303
1995,cell_41,cell_48,226.3183598385248
1996,cell_48,cell_92,91.21403400793103
1997,cell_776,cell_792,66.40750265670005
1998,cell_821,cell_830,116.10340218959993
1999,cell_5,cell_6,50.0
2000,cell_15,cell_23,80.89499366462674
2001,cell_23,cell_41,52.0
2002,cell_48,cell_112,132.80060240827223
2003,cell_660,cell_679,89.19641248391103
2004,cell_630,cell_660,215.5736533067063
2005,cell_6,cell_23,61.05735008989499
2006,cell_866,cell_873,202.47468977627796
2007,cell_23,cell_48,119.68291440301745
2008,cell_731,cell_756,31.622776601683793
2009,cell_815,cell_821,146.32839779072276
2010,cell_135,cell_173,97.52948272189288
2011,cell_5,cell_13,226.66052372531263
2012,cell_6,cell_13,128.57682528356344
2013,cell_701,cell_722,72.80109889280519
2014,cell_722,cell_731,129.55307792561317
2015,cell_799,cell_800,174.92855684535903
2016,cell_792,cell_799,101.39033484509261
2017,cell_853,cell_854,211.20606051910536
2018,cell_854,cell_866,112.16059914247963
2019,cell_237,cell_245,20.09975124224178
2020,cell_237,cell_300,22.090722034374522
2021,cell_660,cell_701,24.08318915758459
2022,cell_800,cell_815,116.10340218959993
2023,cell_173,cell_237,60.63104502237752
2024,cell_779,cell_792,102.72790320451156
2025,cell_776,cell_779,6.297147846588795
2026,cell_722,cell_756,200.3596765818911
2027,cell_756,cell_779,211.9671090756696
2028,cell_696,cell_701,107.70329614269008
2029,cell_660,cell_696,194.83326204732086
2030,cell_237,cell_296,86.02325267042627
2031,cell_296,cell_300,129.4350631847436
2032,cell_13,cell_23,194.6175737183053
2033,cell_296,cell_317,5.943275481756547
2034,cell_315,cell_317,122.69217917709075
2035,cell_296,cell_315,82.03739661101177
2036,cell_862,cell_873,280.8629559055448
2037,cell_854,cell_873,66.03029607687671
2038,cell_815,cell_830,74.24284477308234
2039,cell_696,cell_722,110.07270324653611
2040,cell_180,cell_237,140.356688476182
2041,cell_173,cell_180,205.92231544929754
2042,cell_48,cell_88,156.20499351813308
2043,cell_112,cell_113,7.211102550927978
2044,cell_48,cell_113,30.59411708155671
2045,cell_113,cell_135,76.02631123499285
2046,cell_88,cell_113,109.41663493271945
2047,cell_137,cell_173,74.72616676907762
2048,cell_799,cell_815,12.165525060596439
2049,cell_135,cell_137,131.93938001976514
2050,cell_779,cell_799,103.09219175087898
2051,cell_799,cell_803,170.29386365926402
2052,cell_803,cell_815,157.2768260107
2053,cell_13,cell_48,10.198039027185569
2054,cell_260,cell_296,108.46197490364999
2055,cell_137,cell_180,86.76404785393545
2056,cell_237,cell_260,190.39956044226633
2057,cell_13,cell_49,90.0
2058,cell_48,cell_49,186.0
2059,cell_49,cell_88,136.19104228986575
2060,cell_113,cell_137,238.8723508487326
2061,cell_260,cell_315,66.24198064671678
2062,cell_854,cell_862,226.29184695874486
2063,cell_841,cell_854,222.08106627986098
2064,cell_722,cell_725,164.4506004853737
2065,cell_5,cell_14,105.18106465972689
2066,cell_13,cell_14,106.30043501278725
2067,cell_696,cell_725,184.39088914585776
2068,cell_260,cell_282,231.9051530259731
2069,cell_282,cell_315,57.271284253105414
2070,cell_49,cell_113,61.61168720299745
2071,cell_137,cell_156,208.61447696648477
2072,cell_156,cell_180,174.64249196572982
2073,cell_779,cell_803,60.13318551349163
2074,cell_722,cell_752,36.49657518178932
2075,cell_752,cell_756,91.60785992479029
2076,cell_725,cell_752,214.67184258770408
2077,cell_13,cell_37,90.37698822156003
2078,cell_37,cell_49,113.27841806805037
2079,cell_49,cell_67,192.2082204277434
2080,cell_180,cell_217,100.89598604503551
2081,cell_772,cell_779,185.29975715040752
2082,cell_217,cell_237,104.8655795274745
2083,cell_756,cell_772,76.02631123499285
2084,cell_651,cell_660,87.20091742636656
2085,cell_651,cell_696,193.9766232074923
2086,cell_5,cell_11,22.090722034374522
2087,cell_11,cell_14,206.81392603013947
2088,cell_811,cell_815,172.5688268488837
2089,cell_77,cell_113,38.8329756778952
2090,cell_14,cell_37,148.0
2091,cell_49,cell_77,26.68332812825267
2092,cell_67,cell_77,166.97305171793442
2093,cell_217,cell_260,72.0693103836196
2094,cell_772,cell_803,20.0
2095,cell_803,cell_811,123.82245353731285
2096,cell_282,cell_285,260.5379051117131
2097,cell_752,cell_772,119.33147112141039
2098,cell_772,cell_775,226.74214429611447
2099,cell_775,cell_803,83.54639429682169
2100,cell_156,cell_217,52.03844732503075
2101,cell_217,cell_282,54.405882034941776
2102,cell_811,cell_816,280.713376952364
2103,cell_77,cell_84,103.32399380301779
2104,cell_84,cell_113,85.64878392094077
2105,cell_841,cell_862,75.6042326857432
2106,cell_37,cell_67,18.973665961010276
2107,cell_37,cell_63,94.14881836751856
2108,cell_63,cell_67,56.85068161420758
2109,cell_188,cell_217,90.97252332435328
2110,cell_156,cell_188,24.08318915758459
2111,cell_217,cell_285,62.03224967708329
2112,cell_831,cell_841,145.83552379307312
2113,cell_141,cell_156,248.9738942138312
2114,cell_803,cell_805,52.839379254491625
2115,cell_775,cell_805,118.0454860414838
2116,cell_141,cell_188,184.1738309315414
2117,cell_63,cell_77,84.227995991604
2118,cell_696,cell_718,43.75701877921925
2119,cell_718,cell_725,135.08515832614626
2120,cell_63,cell_113,44.9337544348009
2121,cell_63,cell_137,46.17358552246078
2122,cell_137,cell_141,91.3892772703669
2123,cell_805,cell_811,126.1269202034205
2124,cell_63,cell_84,134.586309399208
2125,cell_217,cell_233,182.53766734567415
2126,cell_188,cell_233,69.07966415668217
2127,cell_651,cell_718,28.72244995590351
2128,cell_752,cell_775,67.67569726275453
2129,cell_233,cell_285,25.059928172283335
2130,cell_37,cell_56,73.78346698278686
2131,cell_56,cell_63,199.52944644838766
2132,cell_63,cell_141,12.165525060596439
2133,cell_718,cell_752,61.61168720299745
2134,cell_63,cell_121,121.91800523302537
2135,cell_121,cell_141,205.7668583615933
2136,cell_11,cell_18,108.25894882179486
2137,cell_14,cell_18,30.79243096624613
2138,cell_816,cell_831,31.240998703626616
2139,cell_752,cell_753,138.01449199268893
2140,cell_176,cell_188,195.97959077414157
2141,cell_176,cell_233,64.28063471995279
2142,cell_816,cell_826,127.7810627597063
2143,cell_753,cell_775,123.17467272130257
2144,cell_826,cell_831,114.52215251669621
2145,cell_718,cell_753,76.15773105863909
2146,cell_811,cell_812,17.88854381999832
2147,cell_805,cell_812,150.11297434680264
2148,cell_43,cell_56,363.23546082396746
2149,cell_63,cell_89,112.92475370794483
2150,cell_89,cell_121,43.08131845707603
2151,cell_812,cell_816,71.21797525905943
2152,cell_223,cell_233,192.67589366602144
2153,cell_176,cell_223,85.44003745317531
2154,cell_18,cell_43,72.99315036357864
2155,cell_116,cell_121,144.89996549343965
2156,cell_89,cell_116,68.35202996254024
2157,cell_56,cell_89,122.78436382536663
2158,cell_223,cell_241,124.53112060846478
2159,cell_176,cell_203,96.51942809610924
2160,cell_203,cell_223,136.61625086350452
2161,cell_18,cell_30,104.9952379872535
2162,cell_30,cell_43,303.3852523657614
2163,cell_89,cell_96,92.19544457292888
2164,cell_96,cell_116,96.82974749528164
2165,cell_116,cell_125,125.60254774486066
2166,cell_151,cell_176,98.48857801796105
2167,cell_125,cell_151,123.48279232346505
2168,cell_203,cell_241,89.19641248391103
2169,cell_151,cell_203,45.60701700396552
2170,cell_56,cell_96,150.5456741324705
2171,cell_96,cell_125,84.11896337925236
2172,cell_151,cell_190,31.240998703626616
2173,cell_190,cell_203,66.24198064671678
2174,cell_203,cell_213,106.30145812734649
2175,cell_213,cell_241,88.02272433866155
2176,cell_126,cell_151,206.18438350175796
2177,cell_126,cell_190,122.0
2178,cell_190,cell_213,117.2006825918689
2179,cell_97,cell_125,118.06777714516353
2180,cell_97,cell_151,28.284271247461902
2181,cell_241,cell_271,220.97346495158587
2182,cell_96,cell_97,70.9365914038728
2183,cell_97,cell_126,172.90459797240788
2184,cell_213,cell_231,55.60575509783138
2185,cell_231,cell_241,144.01388821915754
2186,cell_56,cell_97,62.12889826803627
2187,cell_56,cell_73,72.11102550927978
2188,cell_160,cell_213,18.439088914585774
2189,cell_160,cell_190,154.01298646542764
2190,cell_126,cell_160,146.78455823925262
2191,cell_160,cell_231,86.60742799339297
2192,cell_43,cell_73,38.32074338189731
2193,cell_73,cell_97,73.37574531137656
2194,cell_231,cell_271,18.0
2195,cell_30,cell_73,73.52883465434144
2196,cell_269,cell_271,103.78824596263297
2197,cell_231,cell_269,92.77930803794561
2198,cell_271,cell_278,113.65927820744535
2199,cell_97,cell_103,83.18653737234169
2200,cell_103,cell_126,134.84806264830058
2201,cell_154,cell_160,279.8104766488049
2202,cell_154,cell_231,83.78316986809894
2203,cell_269,cell_278,99.35793878699377
2204,cell_73,cell_103,25.298221281347036
2205,cell_126,cell_154,120.08519233232889
2206,cell_266,cell_278,195.72429588581997
2207,cell_249,cell_269,34.0
2208,cell_231,cell_249,33.28663395418648
2209,cell_249,cell_278,20.09975124224178
2210,cell_185,cell_231,71.02112361825881
2211,cell_185,cell_249,140.4563989286355
2212,cell_154,cell_185,239.23210486889087
2213,cell_249,cell_266,94.02127418834527
2214,cell_252,cell_266,225.22877258467668
2215,cell_154,cell_158,132.3782459469833
2216,cell_252,cell_276,241.66091947189145
2217,cell_158,cell_185,72.24956747275377
2218,cell_249,cell_252,69.9714227381436
2219,cell_276,cell_312,169.0562036720333
2220,cell_183,cell_185,181.10770276274835
2221,cell_158,cell_183,38.8329756778952
2222,cell_248,cell_252,80.89499366462674
2223,cell_248,cell_276,107.62899237658968
2224,cell_183,cell_192,170.69003953802118
2225,cell_272,cell_276,105.26157893552613
2226,cell_272,cell_312,70.45565981523414
2227,cell_192,cell_227,49.678969393496885
2228,cell_248,cell_272,52.3450093132096
2229,cell_227,cell_248,43.08131845707603
2230,cell_312,cell_324,34.0
2231,cell_238,cell_248,98.99494936611666
2232,cell_227,cell_238,137.9289943129169
2233,cell_192,cell_208,85.27602242131137
2234,cell_272,cell_299,184.62935844550833
2235,cell_299,cell_312,70.11419257183242
2236,cell_208,cell_227,116.87272507095184
2237,cell_299,cell_324,155.7562197795003
2238,cell_238,cell_272,131.04197800704932
2239,cell_208,cell_238,41.539404693085196
2240,cell_324,cell_328,164.43843832875572
2241,cell_247,cell_272,79.12016177940993
2242,cell_238,cell_247,109.41663493271945
2243,cell_208,cell_215,72.11102550927978
2244,cell_288,cell_299,154.63505424062166
2245,cell_272,cell_288,24.166091947189145
2246,cell_215,cell_238,49.39635614091387
2247,cell_247,cell_288,127.7810627597063
2248,cell_288,cell_324,27.202941017470888
2249,cell_177,cell_215,17.88854381999832
2250,cell_288,cell_328,6.0
2251,cell_288,cell_293,276.8104044287353
2252,cell_293,cell_328,45.60701700396552
2253,cell_215,cell_247,66.27216610312357
2254,cell_313,cell_328,104.34557968596465
2255,cell_293,cell_313,220.95248357961492
2256,cell_215,cell_229,80.72174428244226
2257,cell_229,cell_247,74.4043009509531
2258,cell_247,cell_254,90.37698822156003
2259,cell_254,cell_288,67.05221845696084
2260,cell_229,cell_254,137.7679207943562
2261,cell_254,cell_293,64.1248781675256
2262,cell_289,cell_293,126.25371281669304
2263,cell_254,cell_289,21.633307652783937
2264,cell_289,cell_313,86.37129152675674
2265,cell_907,cell_912,2.0
2266,cell_168,cell_194,2.0
2267,cell_520,cell_563,2.0084589117034835
2268,cell_356,cell_363,2.1660728186226192
2269,cell_712,cell_730,2.0
